[28538918ms] [WARNING] Terminal websocket closed: 1006 @ https://jupyter.cx3.rcs.ic.ac.uk/user/osella/static/lab/jlab_core.9ae09eead5139c587af4.js?v=9ae09eead5139c587af4:0
[28538919ms] [ERROR] Connection lost, reconnecting in 0 seconds. @ https://jupyter.cx3.rcs.ic.ac.uk/user/osella/static/lab/jlab_core.9ae09eead5139c587af4.js?v=9ae09eead5139c587af4:0
[28538919ms] [WARNING] Terminal websocket closed: 1006 @ https://jupyter.cx3.rcs.ic.ac.uk/user/osella/static/lab/jlab_core.9ae09eead5139c587af4.js?v=9ae09eead5139c587af4:0
[28538919ms] [ERROR] Connection lost, reconnecting in 0 seconds. @ https://jupyter.cx3.rcs.ic.ac.uk/user/osella/static/lab/jlab_core.9ae09eead5139c587af4.js?v=9ae09eead5139c587af4:0
[28538920ms] [WARNING] Terminal websocket closed: 1006 @ https://jupyter.cx3.rcs.ic.ac.uk/user/osella/static/lab/jlab_core.9ae09eead5139c587af4.js?v=9ae09eead5139c587af4:0
[28538920ms] [ERROR] Connection lost, reconnecting in 0 seconds. @ https://jupyter.cx3.rcs.ic.ac.uk/user/osella/static/lab/jlab_core.9ae09eead5139c587af4.js?v=9ae09eead5139c587af4:0
[28538982ms] [ERROR] WebSocket connection to 'wss://jupyter.cx3.rcs.ic.ac.uk/user/osella/terminals/websocket/3' failed: Connection closed before receiving a handshake response @ https://jupyter.cx3.rcs.ic.ac.uk/user/osella/static/lab/jlab_core.9ae09eead5139c587af4.js?v=9ae09eead5139c587af4:0
[28538982ms] [WARNING] Terminal websocket closed: undefined @ https://jupyter.cx3.rcs.ic.ac.uk/user/osella/static/lab/jlab_core.9ae09eead5139c587af4.js?v=9ae09eead5139c587af4:0
[28538982ms] [ERROR] Connection lost, reconnecting in 0 seconds. @ https://jupyter.cx3.rcs.ic.ac.uk/user/osella/static/lab/jlab_core.9ae09eead5139c587af4.js?v=9ae09eead5139c587af4:0
[28539071ms] [ERROR] WebSocket connection to 'wss://jupyter.cx3.rcs.ic.ac.uk/user/osella/terminals/websocket/2' failed: Connection closed before receiving a handshake response @ https://jupyter.cx3.rcs.ic.ac.uk/user/osella/static/lab/jlab_core.9ae09eead5139c587af4.js?v=9ae09eead5139c587af4:0
[28539071ms] [WARNING] Terminal websocket closed: undefined @ https://jupyter.cx3.rcs.ic.ac.uk/user/osella/static/lab/jlab_core.9ae09eead5139c587af4.js?v=9ae09eead5139c587af4:0
[28539071ms] [ERROR] Connection lost, reconnecting in 0 seconds. @ https://jupyter.cx3.rcs.ic.ac.uk/user/osella/static/lab/jlab_core.9ae09eead5139c587af4.js?v=9ae09eead5139c587af4:0
[28539177ms] [ERROR] WebSocket connection to 'wss://jupyter.cx3.rcs.ic.ac.uk/user/osella/terminals/websocket/1' failed: Connection closed before receiving a handshake response @ https://jupyter.cx3.rcs.ic.ac.uk/user/osella/static/lab/jlab_core.9ae09eead5139c587af4.js?v=9ae09eead5139c587af4:0
[28539177ms] [WARNING] Terminal websocket closed: undefined @ https://jupyter.cx3.rcs.ic.ac.uk/user/osella/static/lab/jlab_core.9ae09eead5139c587af4.js?v=9ae09eead5139c587af4:0
[28539177ms] [ERROR] Connection lost, reconnecting in 0 seconds. @ https://jupyter.cx3.rcs.ic.ac.uk/user/osella/static/lab/jlab_core.9ae09eead5139c587af4.js?v=9ae09eead5139c587af4:0
[28539270ms] [ERROR] WebSocket connection to 'wss://jupyter.cx3.rcs.ic.ac.uk/user/osella/terminals/websocket/3' failed: Connection closed before receiving a handshake response @ https://jupyter.cx3.rcs.ic.ac.uk/user/osella/static/lab/jlab_core.9ae09eead5139c587af4.js?v=9ae09eead5139c587af4:0
[28539270ms] [WARNING] Terminal websocket closed: undefined @ https://jupyter.cx3.rcs.ic.ac.uk/user/osella/static/lab/jlab_core.9ae09eead5139c587af4.js?v=9ae09eead5139c587af4:0
[28539270ms] [ERROR] Connection lost, reconnecting in 2 seconds. @ https://jupyter.cx3.rcs.ic.ac.uk/user/osella/static/lab/jlab_core.9ae09eead5139c587af4.js?v=9ae09eead5139c587af4:0
[28539666ms] [ERROR] WebSocket connection to 'wss://jupyter.cx3.rcs.ic.ac.uk/user/osella/api/events/subscribe' failed: Connection closed before receiving a handshake response @ https://jupyter.cx3.rcs.ic.ac.uk/user/osella/static/lab/jlab_core.9ae09eead5139c587af4.js?v=9ae09eead5139c587af4:0
[28540022ms] [ERROR] WebSocket connection to 'wss://jupyter.cx3.rcs.ic.ac.uk/user/osella/terminals/websocket/2' failed: Connection closed before receiving a handshake response @ https://jupyter.cx3.rcs.ic.ac.uk/user/osella/static/lab/jlab_core.9ae09eead5139c587af4.js?v=9ae09eead5139c587af4:0
[28540022ms] [WARNING] Terminal websocket closed: undefined @ https://jupyter.cx3.rcs.ic.ac.uk/user/osella/static/lab/jlab_core.9ae09eead5139c587af4.js?v=9ae09eead5139c587af4:0
[28540023ms] [ERROR] Connection lost, reconnecting in 1 seconds. @ https://jupyter.cx3.rcs.ic.ac.uk/user/osella/static/lab/jlab_core.9ae09eead5139c587af4.js?v=9ae09eead5139c587af4:0
[28540113ms] [ERROR] WebSocket connection to 'wss://jupyter.cx3.rcs.ic.ac.uk/user/osella/terminals/websocket/1' failed: Connection closed before receiving a handshake response @ https://jupyter.cx3.rcs.ic.ac.uk/user/osella/static/lab/jlab_core.9ae09eead5139c587af4.js?v=9ae09eead5139c587af4:0
[28540113ms] [WARNING] Terminal websocket closed: undefined @ https://jupyter.cx3.rcs.ic.ac.uk/user/osella/static/lab/jlab_core.9ae09eead5139c587af4.js?v=9ae09eead5139c587af4:0
[28540113ms] [ERROR] Connection lost, reconnecting in 0 seconds. @ https://jupyter.cx3.rcs.ic.ac.uk/user/osella/static/lab/jlab_core.9ae09eead5139c587af4.js?v=9ae09eead5139c587af4:0
[28541174ms] [ERROR] WebSocket connection to 'wss://jupyter.cx3.rcs.ic.ac.uk/user/osella/terminals/websocket/1' failed: Connection closed before receiving a handshake response @ https://jupyter.cx3.rcs.ic.ac.uk/user/osella/static/lab/jlab_core.9ae09eead5139c587af4.js?v=9ae09eead5139c587af4:0
[28541174ms] [WARNING] Terminal websocket closed: undefined @ https://jupyter.cx3.rcs.ic.ac.uk/user/osella/static/lab/jlab_core.9ae09eead5139c587af4.js?v=9ae09eead5139c587af4:0
[28541174ms] [ERROR] Connection lost, reconnecting in 1 seconds. @ https://jupyter.cx3.rcs.ic.ac.uk/user/osella/static/lab/jlab_core.9ae09eead5139c587af4.js?v=9ae09eead5139c587af4:0
[28541412ms] [ERROR] WebSocket connection to 'wss://jupyter.cx3.rcs.ic.ac.uk/user/osella/terminals/websocket/2' failed: Connection closed before receiving a handshake response @ https://jupyter.cx3.rcs.ic.ac.uk/user/osella/static/lab/jlab_core.9ae09eead5139c587af4.js?v=9ae09eead5139c587af4:0
[28541412ms] [WARNING] Terminal websocket closed: undefined @ https://jupyter.cx3.rcs.ic.ac.uk/user/osella/static/lab/jlab_core.9ae09eead5139c587af4.js?v=9ae09eead5139c587af4:0
[28541412ms] [ERROR] Connection lost, reconnecting in 5 seconds. @ https://jupyter.cx3.rcs.ic.ac.uk/user/osella/static/lab/jlab_core.9ae09eead5139c587af4.js?v=9ae09eead5139c587af4:0
[28541680ms] [ERROR] WebSocket connection to 'wss://jupyter.cx3.rcs.ic.ac.uk/user/osella/terminals/websocket/3' failed: Connection closed before receiving a handshake response @ https://jupyter.cx3.rcs.ic.ac.uk/user/osella/static/lab/jlab_core.9ae09eead5139c587af4.js?v=9ae09eead5139c587af4:0
[28541681ms] [WARNING] Terminal websocket closed: undefined @ https://jupyter.cx3.rcs.ic.ac.uk/user/osella/static/lab/jlab_core.9ae09eead5139c587af4.js?v=9ae09eead5139c587af4:0
[28541681ms] [ERROR] Connection lost, reconnecting in 5 seconds. @ https://jupyter.cx3.rcs.ic.ac.uk/user/osella/static/lab/jlab_core.9ae09eead5139c587af4.js?v=9ae09eead5139c587af4:0
[28541761ms] [ERROR] WebSocket connection to 'wss://jupyter.cx3.rcs.ic.ac.uk/user/osella/api/events/subscribe' failed: Connection closed before receiving a handshake response @ https://jupyter.cx3.rcs.ic.ac.uk/user/osella/static/lab/jlab_core.9ae09eead5139c587af4.js?v=9ae09eead5139c587af4:0
[28542825ms] [ERROR] WebSocket connection to 'wss://jupyter.cx3.rcs.ic.ac.uk/user/osella/terminals/websocket/1' failed: Connection closed before receiving a handshake response @ https://jupyter.cx3.rcs.ic.ac.uk/user/osella/static/lab/jlab_core.9ae09eead5139c587af4.js?v=9ae09eead5139c587af4:0
[28542825ms] [WARNING] Terminal websocket closed: undefined @ https://jupyter.cx3.rcs.ic.ac.uk/user/osella/static/lab/jlab_core.9ae09eead5139c587af4.js?v=9ae09eead5139c587af4:0
[28542826ms] [ERROR] Connection lost, reconnecting in 11 seconds. @ https://jupyter.cx3.rcs.ic.ac.uk/user/osella/static/lab/jlab_core.9ae09eead5139c587af4.js?v=9ae09eead5139c587af4:0
[28545532ms] [ERROR] Failed to load resource: the server responded with a status of 503 (Service Unavailable) @ https://jupyter.cx3.rcs.ic.ac.uk/user/osella/api/terminals?1784960001357:0
[28545564ms] [ERROR] Failed to load resource: the server responded with a status of 503 (Service Unavailable) @ https://jupyter.cx3.rcs.ic.ac.uk/user/osella/api/kernels?1784960001373:0
[28545564ms] [ERROR] Failed to load resource: the server responded with a status of 503 (Service Unavailable) @ https://jupyter.cx3.rcs.ic.ac.uk/user/osella/api/sessions?1784960001374:0
[28546373ms] [ERROR] Failed to load resource: the server responded with a status of 503 (Service Unavailable) @ https://jupyter.cx3.rcs.ic.ac.uk/user/osella/lab/api/workspaces?1784960002232:0
[28546527ms] [ERROR] WebSocket connection to 'wss://jupyter.cx3.rcs.ic.ac.uk/user/osella/api/events/subscribe' failed: Connection closed before receiving a handshake response @ https://jupyter.cx3.rcs.ic.ac.uk/user/osella/static/lab/jlab_core.9ae09eead5139c587af4.js?v=9ae09eead5139c587af4:0
[28547394ms] [ERROR] WebSocket connection to 'wss://jupyter.cx3.rcs.ic.ac.uk/user/osella/terminals/websocket/2' failed: Connection closed before receiving a handshake response @ https://jupyter.cx3.rcs.ic.ac.uk/user/osella/static/lab/jlab_core.9ae09eead5139c587af4.js?v=9ae09eead5139c587af4:0
[28547395ms] [WARNING] Terminal websocket closed: undefined @ https://jupyter.cx3.rcs.ic.ac.uk/user/osella/static/lab/jlab_core.9ae09eead5139c587af4.js?v=9ae09eead5139c587af4:0
[28547395ms] [ERROR] Connection lost, reconnecting in 13 seconds. @ https://jupyter.cx3.rcs.ic.ac.uk/user/osella/static/lab/jlab_core.9ae09eead5139c587af4.js?v=9ae09eead5139c587af4:0
[28547720ms] [ERROR] WebSocket connection to 'wss://jupyter.cx3.rcs.ic.ac.uk/user/osella/terminals/websocket/3' failed: Connection closed before receiving a handshake response @ https://jupyter.cx3.rcs.ic.ac.uk/user/osella/static/lab/jlab_core.9ae09eead5139c587af4.js?v=9ae09eead5139c587af4:0
[28547720ms] [WARNING] Terminal websocket closed: undefined @ https://jupyter.cx3.rcs.ic.ac.uk/user/osella/static/lab/jlab_core.9ae09eead5139c587af4.js?v=9ae09eead5139c587af4:0
[28547720ms] [ERROR] Connection lost, reconnecting in 5 seconds. @ https://jupyter.cx3.rcs.ic.ac.uk/user/osella/static/lab/jlab_core.9ae09eead5139c587af4.js?v=9ae09eead5139c587af4:0
[28554305ms] [ERROR] WebSocket connection to 'wss://jupyter.cx3.rcs.ic.ac.uk/user/osella/terminals/websocket/3' failed: Connection closed before receiving a handshake response @ https://jupyter.cx3.rcs.ic.ac.uk/user/osella/static/lab/jlab_core.9ae09eead5139c587af4.js?v=9ae09eead5139c587af4:0
[28554305ms] [WARNING] Terminal websocket closed: undefined @ https://jupyter.cx3.rcs.ic.ac.uk/user/osella/static/lab/jlab_core.9ae09eead5139c587af4.js?v=9ae09eead5139c587af4:0
[28554305ms] [ERROR] Connection lost, reconnecting in 21 seconds. @ https://jupyter.cx3.rcs.ic.ac.uk/user/osella/static/lab/jlab_core.9ae09eead5139c587af4.js?v=9ae09eead5139c587af4:0
[28556767ms] [ERROR] WebSocket connection to 'wss://jupyter.cx3.rcs.ic.ac.uk/user/osella/terminals/websocket/1' failed: Connection closed before receiving a handshake response @ https://jupyter.cx3.rcs.ic.ac.uk/user/osella/static/lab/jlab_core.9ae09eead5139c587af4.js?v=9ae09eead5139c587af4:0
[28556767ms] [WARNING] Terminal websocket closed: undefined @ https://jupyter.cx3.rcs.ic.ac.uk/user/osella/static/lab/jlab_core.9ae09eead5139c587af4.js?v=9ae09eead5139c587af4:0
[28556767ms] [ERROR] Connection lost, reconnecting in 24 seconds. @ https://jupyter.cx3.rcs.ic.ac.uk/user/osella/static/lab/jlab_core.9ae09eead5139c587af4.js?v=9ae09eead5139c587af4:0
[28557549ms] [ERROR] WebSocket connection to 'wss://jupyter.cx3.rcs.ic.ac.uk/user/osella/api/events/subscribe' failed: Connection closed before receiving a handshake response @ https://jupyter.cx3.rcs.ic.ac.uk/user/osella/static/lab/jlab_core.9ae09eead5139c587af4.js?v=9ae09eead5139c587af4:0
[28565694ms] [ERROR] WebSocket connection to 'wss://jupyter.cx3.rcs.ic.ac.uk/user/osella/terminals/websocket/2' failed: Connection closed before receiving a handshake response @ https://jupyter.cx3.rcs.ic.ac.uk/user/osella/static/lab/jlab_core.9ae09eead5139c587af4.js?v=9ae09eead5139c587af4:0
[28565694ms] [WARNING] Terminal websocket closed: undefined @ https://jupyter.cx3.rcs.ic.ac.uk/user/osella/static/lab/jlab_core.9ae09eead5139c587af4.js?v=9ae09eead5139c587af4:0
[28565694ms] [ERROR] Connection lost, reconnecting in 6 seconds. @ https://jupyter.cx3.rcs.ic.ac.uk/user/osella/static/lab/jlab_core.9ae09eead5139c587af4.js?v=9ae09eead5139c587af4:0
[28573573ms] [ERROR] Failed to load resource: the server responded with a status of 503 (Service Unavailable) @ https://jupyter.cx3.rcs.ic.ac.uk/user/osella/lab/api/workspaces?1784960029393:0
[28577682ms] [ERROR] WebSocket connection to 'wss://jupyter.cx3.rcs.ic.ac.uk/user/osella/terminals/websocket/2' failed: Connection closed before receiving a handshake response @ https://jupyter.cx3.rcs.ic.ac.uk/user/osella/static/lab/jlab_core.9ae09eead5139c587af4.js?v=9ae09eead5139c587af4:0
[28577682ms] [WARNING] Terminal websocket closed: undefined @ https://jupyter.cx3.rcs.ic.ac.uk/user/osella/static/lab/jlab_core.9ae09eead5139c587af4.js?v=9ae09eead5139c587af4:0
[28577682ms] [ERROR] Connection lost, reconnecting in 22 seconds. @ https://jupyter.cx3.rcs.ic.ac.uk/user/osella/static/lab/jlab_core.9ae09eead5139c587af4.js?v=9ae09eead5139c587af4:0
[28578577ms] [ERROR] WebSocket connection to 'wss://jupyter.cx3.rcs.ic.ac.uk/user/osella/terminals/websocket/3' failed: Connection closed before receiving a handshake response @ https://jupyter.cx3.rcs.ic.ac.uk/user/osella/static/lab/jlab_core.9ae09eead5139c587af4.js?v=9ae09eead5139c587af4:0
[28578577ms] [WARNING] Terminal websocket closed: undefined @ https://jupyter.cx3.rcs.ic.ac.uk/user/osella/static/lab/jlab_core.9ae09eead5139c587af4.js?v=9ae09eead5139c587af4:0
[28578577ms] [ERROR] Connection lost, reconnecting in 30 seconds. @ https://jupyter.cx3.rcs.ic.ac.uk/user/osella/static/lab/jlab_core.9ae09eead5139c587af4.js?v=9ae09eead5139c587af4:0
[28581575ms] [ERROR] WebSocket connection to 'wss://jupyter.cx3.rcs.ic.ac.uk/user/osella/api/events/subscribe' failed: Connection closed before receiving a handshake response @ https://jupyter.cx3.rcs.ic.ac.uk/user/osella/static/lab/jlab_core.9ae09eead5139c587af4.js?v=9ae09eead5139c587af4:0
[28582722ms] [ERROR] WebSocket connection to 'wss://jupyter.cx3.rcs.ic.ac.uk/user/osella/terminals/websocket/1' failed: Connection closed before receiving a handshake response @ https://jupyter.cx3.rcs.ic.ac.uk/user/osella/static/lab/jlab_core.9ae09eead5139c587af4.js?v=9ae09eead5139c587af4:0
[28582722ms] [WARNING] Terminal websocket closed: undefined @ https://jupyter.cx3.rcs.ic.ac.uk/user/osella/static/lab/jlab_core.9ae09eead5139c587af4.js?v=9ae09eead5139c587af4:0
[28582722ms] [ERROR] Connection lost, reconnecting in 22 seconds. @ https://jupyter.cx3.rcs.ic.ac.uk/user/osella/static/lab/jlab_core.9ae09eead5139c587af4.js?v=9ae09eead5139c587af4:0
[28602280ms] [ERROR] WebSocket connection to 'wss://jupyter.cx3.rcs.ic.ac.uk/user/osella/terminals/websocket/2' failed: Connection closed before receiving a handshake response @ https://jupyter.cx3.rcs.ic.ac.uk/user/osella/static/lab/jlab_core.9ae09eead5139c587af4.js?v=9ae09eead5139c587af4:0
[28602280ms] [WARNING] Terminal websocket closed: undefined @ https://jupyter.cx3.rcs.ic.ac.uk/user/osella/static/lab/jlab_core.9ae09eead5139c587af4.js?v=9ae09eead5139c587af4:0
[28609145ms] [ERROR] WebSocket connection to 'wss://jupyter.cx3.rcs.ic.ac.uk/user/osella/api/events/subscribe' failed: Connection closed before receiving a handshake response @ https://jupyter.cx3.rcs.ic.ac.uk/user/osella/static/lab/jlab_core.9ae09eead5139c587af4.js?v=9ae09eead5139c587af4:0
[28610254ms] [ERROR] WebSocket connection to 'wss://jupyter.cx3.rcs.ic.ac.uk/user/osella/terminals/websocket/1' failed: Connection closed before receiving a handshake response @ https://jupyter.cx3.rcs.ic.ac.uk/user/osella/static/lab/jlab_core.9ae09eead5139c587af4.js?v=9ae09eead5139c587af4:0
[28610254ms] [WARNING] Terminal websocket closed: undefined @ https://jupyter.cx3.rcs.ic.ac.uk/user/osella/static/lab/jlab_core.9ae09eead5139c587af4.js?v=9ae09eead5139c587af4:0
[28610514ms] [ERROR] WebSocket connection to 'wss://jupyter.cx3.rcs.ic.ac.uk/user/osella/terminals/websocket/3' failed: Connection closed before receiving a handshake response @ https://jupyter.cx3.rcs.ic.ac.uk/user/osella/static/lab/jlab_core.9ae09eead5139c587af4.js?v=9ae09eead5139c587af4:0
[28610514ms] [WARNING] Terminal websocket closed: undefined @ https://jupyter.cx3.rcs.ic.ac.uk/user/osella/static/lab/jlab_core.9ae09eead5139c587af4.js?v=9ae09eead5139c587af4:0
[28630369ms] [ERROR] Failed to load resource: the server responded with a status of 503 (Service Unavailable) @ https://jupyter.cx3.rcs.ic.ac.uk/user/osella/lab/api/workspaces?1784960086194:0
[28642772ms] [ERROR] WebSocket connection to 'wss://jupyter.cx3.rcs.ic.ac.uk/user/osella/api/events/subscribe' failed: Connection closed before receiving a handshake response @ https://jupyter.cx3.rcs.ic.ac.uk/user/osella/static/lab/jlab_core.9ae09eead5139c587af4.js?v=9ae09eead5139c587af4:0
[28663162ms] [ERROR] WebSocket connection to 'wss://jupyter.cx3.rcs.ic.ac.uk/user/osella/api/events/subscribe' failed: Connection closed before receiving a handshake response @ https://jupyter.cx3.rcs.ic.ac.uk/user/osella/static/lab/jlab_core.9ae09eead5139c587af4.js?v=9ae09eead5139c587af4:0
[28668581ms] [ERROR] WebSocket connection to 'wss://jupyter.cx3.rcs.ic.ac.uk/user/osella/api/events/subscribe' failed: Connection closed before receiving a handshake response @ https://jupyter.cx3.rcs.ic.ac.uk/user/osella/static/lab/jlab_core.9ae09eead5139c587af4.js?v=9ae09eead5139c587af4:0
[28673376ms] [ERROR] WebSocket connection to 'wss://jupyter.cx3.rcs.ic.ac.uk/user/osella/api/events/subscribe' failed: Connection closed before receiving a handshake response @ https://jupyter.cx3.rcs.ic.ac.uk/user/osella/static/lab/jlab_core.9ae09eead5139c587af4.js?v=9ae09eead5139c587af4:0
[28677945ms] [ERROR] WebSocket connection to 'wss://jupyter.cx3.rcs.ic.ac.uk/user/osella/api/events/subscribe' failed: Connection closed before receiving a handshake response @ https://jupyter.cx3.rcs.ic.ac.uk/user/osella/static/lab/jlab_core.9ae09eead5139c587af4.js?v=9ae09eead5139c587af4:0
[28682604ms] [ERROR] WebSocket connection to 'wss://jupyter.cx3.rcs.ic.ac.uk/user/osella/api/events/subscribe' failed: Connection closed before receiving a handshake response @ https://jupyter.cx3.rcs.ic.ac.uk/user/osella/static/lab/jlab_core.9ae09eead5139c587af4.js?v=9ae09eead5139c587af4:0
[28686716ms] [ERROR] WebSocket connection to 'wss://jupyter.cx3.rcs.ic.ac.uk/user/osella/api/events/subscribe' failed: Connection closed before receiving a handshake response @ https://jupyter.cx3.rcs.ic.ac.uk/user/osella/static/lab/jlab_core.9ae09eead5139c587af4.js?v=9ae09eead5139c587af4:0
[28691687ms] [ERROR] WebSocket connection to 'wss://jupyter.cx3.rcs.ic.ac.uk/user/osella/api/events/subscribe' failed: Connection closed before receiving a handshake response @ https://jupyter.cx3.rcs.ic.ac.uk/user/osella/static/lab/jlab_core.9ae09eead5139c587af4.js?v=9ae09eead5139c587af4:0
[28698591ms] [ERROR] WebSocket connection to 'wss://jupyter.cx3.rcs.ic.ac.uk/user/osella/api/events/subscribe' failed: Connection closed before receiving a handshake response @ https://jupyter.cx3.rcs.ic.ac.uk/user/osella/static/lab/jlab_core.9ae09eead5139c587af4.js?v=9ae09eead5139c587af4:0
[28703764ms] [ERROR] WebSocket connection to 'wss://jupyter.cx3.rcs.ic.ac.uk/user/osella/api/events/subscribe' failed: Connection closed before receiving a handshake response @ https://jupyter.cx3.rcs.ic.ac.uk/user/osella/static/lab/jlab_core.9ae09eead5139c587af4.js?v=9ae09eead5139c587af4:0
[28706108ms] [ERROR] Failed to load resource: the server responded with a status of 503 (Service Unavailable) @ https://jupyter.cx3.rcs.ic.ac.uk/user/osella/lab/api/workspaces?1784960161932:0
[28713898ms] [ERROR] WebSocket connection to 'wss://jupyter.cx3.rcs.ic.ac.uk/user/osella/api/events/subscribe' failed: Connection closed before receiving a handshake response @ https://jupyter.cx3.rcs.ic.ac.uk/user/osella/static/lab/jlab_core.9ae09eead5139c587af4.js?v=9ae09eead5139c587af4:0
[28724748ms] [ERROR] WebSocket connection to 'wss://jupyter.cx3.rcs.ic.ac.uk/user/osella/api/events/subscribe' failed: Connection closed before receiving a handshake response @ https://jupyter.cx3.rcs.ic.ac.uk/user/osella/static/lab/jlab_core.9ae09eead5139c587af4.js?v=9ae09eead5139c587af4:0
[28745908ms] [ERROR] WebSocket connection to 'wss://jupyter.cx3.rcs.ic.ac.uk/user/osella/api/events/subscribe' failed: Connection closed before receiving a handshake response @ https://jupyter.cx3.rcs.ic.ac.uk/user/osella/static/lab/jlab_core.9ae09eead5139c587af4.js?v=9ae09eead5139c587af4:0
[28777220ms] [ERROR] WebSocket connection to 'wss://jupyter.cx3.rcs.ic.ac.uk/user/osella/api/events/subscribe' failed: Connection closed before receiving a handshake response @ https://jupyter.cx3.rcs.ic.ac.uk/user/osella/static/lab/jlab_core.9ae09eead5139c587af4.js?v=9ae09eead5139c587af4:0
[28783401ms] [ERROR] WebSocket connection to 'wss://jupyter.cx3.rcs.ic.ac.uk/user/osella/api/events/subscribe' failed: Connection closed before receiving a handshake response @ https://jupyter.cx3.rcs.ic.ac.uk/user/osella/static/lab/jlab_core.9ae09eead5139c587af4.js?v=9ae09eead5139c587af4:0
[28797271ms] [ERROR] Failed to load resource: the server responded with a status of 503 (Service Unavailable) @ https://jupyter.cx3.rcs.ic.ac.uk/user/osella/lab/api/workspaces?1784960253096:0
[28798381ms] [ERROR] WebSocket connection to 'wss://jupyter.cx3.rcs.ic.ac.uk/user/osella/api/events/subscribe' failed: Connection closed before receiving a handshake response @ https://jupyter.cx3.rcs.ic.ac.uk/user/osella/static/lab/jlab_core.9ae09eead5139c587af4.js?v=9ae09eead5139c587af4:0
[28817559ms] [ERROR] WebSocket connection to 'wss://jupyter.cx3.rcs.ic.ac.uk/user/osella/api/events/subscribe' failed: Error during WebSocket handshake: Unexpected response code: 302 @ https://jupyter.cx3.rcs.ic.ac.uk/user/osella/static/lab/jlab_core.9ae09eead5139c587af4.js?v=9ae09eead5139c587af4:0
[28847632ms] [ERROR] WebSocket connection to 'wss://jupyter.cx3.rcs.ic.ac.uk/user/osella/api/events/subscribe' failed: Error during WebSocket handshake: Unexpected response code: 302 @ https://jupyter.cx3.rcs.ic.ac.uk/user/osella/static/lab/jlab_core.9ae09eead5139c587af4.js?v=9ae09eead5139c587af4:0
[28877763ms] [ERROR] WebSocket connection to 'wss://jupyter.cx3.rcs.ic.ac.uk/user/osella/api/events/subscribe' failed: Error during WebSocket handshake: Unexpected response code: 302 @ https://jupyter.cx3.rcs.ic.ac.uk/user/osella/static/lab/jlab_core.9ae09eead5139c587af4.js?v=9ae09eead5139c587af4:0
[28883443ms] [ERROR] WebSocket connection to 'wss://jupyter.cx3.rcs.ic.ac.uk/user/osella/api/events/subscribe' failed: Error during WebSocket handshake: Unexpected response code: 302 @ https://jupyter.cx3.rcs.ic.ac.uk/user/osella/static/lab/jlab_core.9ae09eead5139c587af4.js?v=9ae09eead5139c587af4:0
[28894683ms] [ERROR] WebSocket connection to 'wss://jupyter.cx3.rcs.ic.ac.uk/user/osella/api/events/subscribe' failed: Error during WebSocket handshake: Unexpected response code: 302 @ https://jupyter.cx3.rcs.ic.ac.uk/user/osella/static/lab/jlab_core.9ae09eead5139c587af4.js?v=9ae09eead5139c587af4:0
[28915359ms] [ERROR] WebSocket connection to 'wss://jupyter.cx3.rcs.ic.ac.uk/user/osella/api/events/subscribe' failed: Error during WebSocket handshake: Unexpected response code: 302 @ https://jupyter.cx3.rcs.ic.ac.uk/user/osella/static/lab/jlab_core.9ae09eead5139c587af4.js?v=9ae09eead5139c587af4:0
[28930816ms] [ERROR] WebSocket connection to 'wss://jupyter.cx3.rcs.ic.ac.uk/user/osella/api/events/subscribe' failed: Error during WebSocket handshake: Unexpected response code: 302 @ https://jupyter.cx3.rcs.ic.ac.uk/user/osella/static/lab/jlab_core.9ae09eead5139c587af4.js?v=9ae09eead5139c587af4:0
[28960894ms] [ERROR] WebSocket connection to 'wss://jupyter.cx3.rcs.ic.ac.uk/user/osella/api/events/subscribe' failed: Error during WebSocket handshake: Unexpected response code: 302 @ https://jupyter.cx3.rcs.ic.ac.uk/user/osella/static/lab/jlab_core.9ae09eead5139c587af4.js?v=9ae09eead5139c587af4:0
[28980432ms] [ERROR] Failed to load resource: the server responded with a status of 424 (Failed Dependency) @ https://jupyter.cx3.rcs.ic.ac.uk/hub/user/osella/lab/api/workspaces?1784960436198:0
[28990963ms] [ERROR] WebSocket connection to 'wss://jupyter.cx3.rcs.ic.ac.uk/user/osella/api/events/subscribe' failed: Error during WebSocket handshake: Unexpected response code: 302 @ https://jupyter.cx3.rcs.ic.ac.uk/user/osella/static/lab/jlab_core.9ae09eead5139c587af4.js?v=9ae09eead5139c587af4:0
[29021030ms] [ERROR] WebSocket connection to 'wss://jupyter.cx3.rcs.ic.ac.uk/user/osella/api/events/subscribe' failed: Error during WebSocket handshake: Unexpected response code: 302 @ https://jupyter.cx3.rcs.ic.ac.uk/user/osella/static/lab/jlab_core.9ae09eead5139c587af4.js?v=9ae09eead5139c587af4:0
[29051125ms] [ERROR] WebSocket connection to 'wss://jupyter.cx3.rcs.ic.ac.uk/user/osella/api/events/subscribe' failed: Error during WebSocket handshake: Unexpected response code: 302 @ https://jupyter.cx3.rcs.ic.ac.uk/user/osella/static/lab/jlab_core.9ae09eead5139c587af4.js?v=9ae09eead5139c587af4:0
[29081450ms] [ERROR] WebSocket connection to 'wss://jupyter.cx3.rcs.ic.ac.uk/user/osella/api/events/subscribe' failed: Error during WebSocket handshake: Unexpected response code: 302 @ https://jupyter.cx3.rcs.ic.ac.uk/user/osella/static/lab/jlab_core.9ae09eead5139c587af4.js?v=9ae09eead5139c587af4:0
[29094806ms] [ERROR] WebSocket connection to 'wss://jupyter.cx3.rcs.ic.ac.uk/user/osella/api/events/subscribe' failed: Error during WebSocket handshake: Unexpected response code: 302 @ https://jupyter.cx3.rcs.ic.ac.uk/user/osella/static/lab/jlab_core.9ae09eead5139c587af4.js?v=9ae09eead5139c587af4:0
[29101904ms] [ERROR] WebSocket connection to 'wss://jupyter.cx3.rcs.ic.ac.uk/user/osella/api/events/subscribe' failed: Error during WebSocket handshake: Unexpected response code: 302 @ https://jupyter.cx3.rcs.ic.ac.uk/user/osella/static/lab/jlab_core.9ae09eead5139c587af4.js?v=9ae09eead5139c587af4:0
[29117580ms] [ERROR] WebSocket connection to 'wss://jupyter.cx3.rcs.ic.ac.uk/user/osella/api/events/subscribe' failed: Error during WebSocket handshake: Unexpected response code: 302 @ https://jupyter.cx3.rcs.ic.ac.uk/user/osella/static/lab/jlab_core.9ae09eead5139c587af4.js?v=9ae09eead5139c587af4:0
[29141344ms] [ERROR] WebSocket connection to 'wss://jupyter.cx3.rcs.ic.ac.uk/user/osella/api/events/subscribe' failed: Error during WebSocket handshake: Unexpected response code: 302 @ https://jupyter.cx3.rcs.ic.ac.uk/user/osella/static/lab/jlab_core.9ae09eead5139c587af4.js?v=9ae09eead5139c587af4:0
[29142780ms] [ERROR] WebSocket connection to 'wss://jupyter.cx3.rcs.ic.ac.uk/user/osella/api/events/subscribe' failed: Error during WebSocket handshake: Unexpected response code: 302 @ https://jupyter.cx3.rcs.ic.ac.uk/user/osella/static/lab/jlab_core.9ae09eead5139c587af4.js?v=9ae09eead5139c587af4:0
[29146515ms] [ERROR] WebSocket connection to 'wss://jupyter.cx3.rcs.ic.ac.uk/user/osella/api/events/subscribe' failed: Error during WebSocket handshake: Unexpected response code: 302 @ https://jupyter.cx3.rcs.ic.ac.uk/user/osella/static/lab/jlab_core.9ae09eead5139c587af4.js?v=9ae09eead5139c587af4:0
[29155373ms] [ERROR] WebSocket connection to 'wss://jupyter.cx3.rcs.ic.ac.uk/user/osella/api/events/subscribe' failed: Error during WebSocket handshake: Unexpected response code: 302 @ https://jupyter.cx3.rcs.ic.ac.uk/user/osella/static/lab/jlab_core.9ae09eead5139c587af4.js?v=9ae09eead5139c587af4:0
[29179262ms] [ERROR] WebSocket connection to 'wss://jupyter.cx3.rcs.ic.ac.uk/user/osella/api/events/subscribe' failed: Error during WebSocket handshake: Unexpected response code: 302 @ https://jupyter.cx3.rcs.ic.ac.uk/user/osella/static/lab/jlab_core.9ae09eead5139c587af4.js?v=9ae09eead5139c587af4:0
[29188721ms] [ERROR] Failed to load resource: the server responded with a status of 424 (Failed Dependency) @ https://jupyter.cx3.rcs.ic.ac.uk/hub/user/osella/lab/api/workspaces?1784960644487:0
[29200244ms] [ERROR] Failed to load resource: the server responded with a status of 424 (Failed Dependency) @ https://jupyter.cx3.rcs.ic.ac.uk/hub/user/osella/lab/api/workspaces?1784960656017:0
[29209326ms] [ERROR] WebSocket connection to 'wss://jupyter.cx3.rcs.ic.ac.uk/user/osella/api/events/subscribe' failed: Error during WebSocket handshake: Unexpected response code: 302 @ https://jupyter.cx3.rcs.ic.ac.uk/user/osella/static/lab/jlab_core.9ae09eead5139c587af4.js?v=9ae09eead5139c587af4:0
[29233312ms] [ERROR] Failed to load resource: the server responded with a status of 424 (Failed Dependency) @ https://jupyter.cx3.rcs.ic.ac.uk/hub/user/osella/lab/api/workspaces?1784960689082:0
[29239388ms] [ERROR] WebSocket connection to 'wss://jupyter.cx3.rcs.ic.ac.uk/user/osella/api/events/subscribe' failed: Error during WebSocket handshake: Unexpected response code: 302 @ https://jupyter.cx3.rcs.ic.ac.uk/user/osella/static/lab/jlab_core.9ae09eead5139c587af4.js?v=9ae09eead5139c587af4:0
[29269463ms] [ERROR] WebSocket connection to 'wss://jupyter.cx3.rcs.ic.ac.uk/user/osella/api/events/subscribe' failed: Error during WebSocket handshake: Unexpected response code: 302 @ https://jupyter.cx3.rcs.ic.ac.uk/user/osella/static/lab/jlab_core.9ae09eead5139c587af4.js?v=9ae09eead5139c587af4:0
[29285861ms] [ERROR] WebSocket connection to 'wss://jupyter.cx3.rcs.ic.ac.uk/user/osella/api/events/subscribe' failed: Error during WebSocket handshake: Unexpected response code: 302 @ https://jupyter.cx3.rcs.ic.ac.uk/user/osella/static/lab/jlab_core.9ae09eead5139c587af4.js?v=9ae09eead5139c587af4:0
[29298770ms] [ERROR] Failed to load resource: the server responded with a status of 424 (Failed Dependency) @ https://jupyter.cx3.rcs.ic.ac.uk/hub/user/osella/lab/api/workspaces?1784960754544:0
[29315956ms] [ERROR] WebSocket connection to 'wss://jupyter.cx3.rcs.ic.ac.uk/user/osella/api/events/subscribe' failed: Error during WebSocket handshake: Unexpected response code: 302 @ https://jupyter.cx3.rcs.ic.ac.uk/user/osella/static/lab/jlab_core.9ae09eead5139c587af4.js?v=9ae09eead5139c587af4:0
[29346024ms] [ERROR] WebSocket connection to 'wss://jupyter.cx3.rcs.ic.ac.uk/user/osella/api/events/subscribe' failed: Error during WebSocket handshake: Unexpected response code: 302 @ https://jupyter.cx3.rcs.ic.ac.uk/user/osella/static/lab/jlab_core.9ae09eead5139c587af4.js?v=9ae09eead5139c587af4:0
[29376088ms] [ERROR] WebSocket connection to 'wss://jupyter.cx3.rcs.ic.ac.uk/user/osella/api/events/subscribe' failed: Error during WebSocket handshake: Unexpected response code: 302 @ https://jupyter.cx3.rcs.ic.ac.uk/user/osella/static/lab/jlab_core.9ae09eead5139c587af4.js?v=9ae09eead5139c587af4:0
[29406155ms] [ERROR] WebSocket connection to 'wss://jupyter.cx3.rcs.ic.ac.uk/user/osella/api/events/subscribe' failed: Error during WebSocket handshake: Unexpected response code: 302 @ https://jupyter.cx3.rcs.ic.ac.uk/user/osella/static/lab/jlab_core.9ae09eead5139c587af4.js?v=9ae09eead5139c587af4:0
[29430255ms] [ERROR] WebSocket connection to 'wss://jupyter.cx3.rcs.ic.ac.uk/user/osella/api/events/subscribe' failed: Error during WebSocket handshake: Unexpected response code: 302 @ https://jupyter.cx3.rcs.ic.ac.uk/user/osella/static/lab/jlab_core.9ae09eead5139c587af4.js?v=9ae09eead5139c587af4:0
[29434854ms] [ERROR] Failed to load resource: the server responded with a status of 424 (Failed Dependency) @ https://jupyter.cx3.rcs.ic.ac.uk/hub/user/osella/lab/api/workspaces?1784960890609:0
[29460353ms] [ERROR] WebSocket connection to 'wss://jupyter.cx3.rcs.ic.ac.uk/user/osella/api/events/subscribe' failed: Error during WebSocket handshake: Unexpected response code: 302 @ https://jupyter.cx3.rcs.ic.ac.uk/user/osella/static/lab/jlab_core.9ae09eead5139c587af4.js?v=9ae09eead5139c587af4:0
[29490438ms] [ERROR] WebSocket connection to 'wss://jupyter.cx3.rcs.ic.ac.uk/user/osella/api/events/subscribe' failed: Error during WebSocket handshake: Unexpected response code: 302 @ https://jupyter.cx3.rcs.ic.ac.uk/user/osella/static/lab/jlab_core.9ae09eead5139c587af4.js?v=9ae09eead5139c587af4:0
[29520515ms] [ERROR] WebSocket connection to 'wss://jupyter.cx3.rcs.ic.ac.uk/user/osella/api/events/subscribe' failed: Error during WebSocket handshake: Unexpected response code: 302 @ https://jupyter.cx3.rcs.ic.ac.uk/user/osella/static/lab/jlab_core.9ae09eead5139c587af4.js?v=9ae09eead5139c587af4:0
[29522663ms] [ERROR] WebSocket connection to 'wss://jupyter.cx3.rcs.ic.ac.uk/user/osella/api/events/subscribe' failed: Error during WebSocket handshake: Unexpected response code: 302 @ https://jupyter.cx3.rcs.ic.ac.uk/user/osella/static/lab/jlab_core.9ae09eead5139c587af4.js?v=9ae09eead5139c587af4:0
[29524198ms] [ERROR] WebSocket connection to 'wss://jupyter.cx3.rcs.ic.ac.uk/user/osella/api/events/subscribe' failed: Error during WebSocket handshake: Unexpected response code: 302 @ https://jupyter.cx3.rcs.ic.ac.uk/user/osella/static/lab/jlab_core.9ae09eead5139c587af4.js?v=9ae09eead5139c587af4:0
[29525507ms] [ERROR] WebSocket connection to 'wss://jupyter.cx3.rcs.ic.ac.uk/user/osella/api/events/subscribe' failed: Error during WebSocket handshake: Unexpected response code: 302 @ https://jupyter.cx3.rcs.ic.ac.uk/user/osella/static/lab/jlab_core.9ae09eead5139c587af4.js?v=9ae09eead5139c587af4:0
[29527966ms] [ERROR] WebSocket connection to 'wss://jupyter.cx3.rcs.ic.ac.uk/user/osella/api/events/subscribe' failed: Error during WebSocket handshake: Unexpected response code: 302 @ https://jupyter.cx3.rcs.ic.ac.uk/user/osella/static/lab/jlab_core.9ae09eead5139c587af4.js?v=9ae09eead5139c587af4:0
[29533427ms] [ERROR] WebSocket connection to 'wss://jupyter.cx3.rcs.ic.ac.uk/user/osella/api/events/subscribe' failed: Error during WebSocket handshake: Unexpected response code: 302 @ https://jupyter.cx3.rcs.ic.ac.uk/user/osella/static/lab/jlab_core.9ae09eead5139c587af4.js?v=9ae09eead5139c587af4:0
[29544945ms] [ERROR] WebSocket connection to 'wss://jupyter.cx3.rcs.ic.ac.uk/user/osella/api/events/subscribe' failed: Error during WebSocket handshake: Unexpected response code: 302 @ https://jupyter.cx3.rcs.ic.ac.uk/user/osella/static/lab/jlab_core.9ae09eead5139c587af4.js?v=9ae09eead5139c587af4:0
[29575053ms] [ERROR] WebSocket connection to 'wss://jupyter.cx3.rcs.ic.ac.uk/user/osella/api/events/subscribe' failed: Error during WebSocket handshake: Unexpected response code: 302 @ https://jupyter.cx3.rcs.ic.ac.uk/user/osella/static/lab/jlab_core.9ae09eead5139c587af4.js?v=9ae09eead5139c587af4:0
[29605144ms] [ERROR] WebSocket connection to 'wss://jupyter.cx3.rcs.ic.ac.uk/user/osella/api/events/subscribe' failed: Error during WebSocket handshake: Unexpected response code: 302 @ https://jupyter.cx3.rcs.ic.ac.uk/user/osella/static/lab/jlab_core.9ae09eead5139c587af4.js?v=9ae09eead5139c587af4:0
[29635208ms] [ERROR] WebSocket connection to 'wss://jupyter.cx3.rcs.ic.ac.uk/user/osella/api/events/subscribe' failed: Error during WebSocket handshake: Unexpected response code: 302 @ https://jupyter.cx3.rcs.ic.ac.uk/user/osella/static/lab/jlab_core.9ae09eead5139c587af4.js?v=9ae09eead5139c587af4:0
[29639086ms] [ERROR] Failed to load resource: the server responded with a status of 424 (Failed Dependency) @ https://jupyter.cx3.rcs.ic.ac.uk/hub/user/osella/lab/api/workspaces?1784961094859:0
[29665267ms] [ERROR] WebSocket connection to 'wss://jupyter.cx3.rcs.ic.ac.uk/user/osella/api/events/subscribe' failed: Error during WebSocket handshake: Unexpected response code: 302 @ https://jupyter.cx3.rcs.ic.ac.uk/user/osella/static/lab/jlab_core.9ae09eead5139c587af4.js?v=9ae09eead5139c587af4:0
[29683083ms] [ERROR] WebSocket connection to 'wss://jupyter.cx3.rcs.ic.ac.uk/user/osella/api/events/subscribe' failed: Error during WebSocket handshake: Unexpected response code: 302 @ https://jupyter.cx3.rcs.ic.ac.uk/user/osella/static/lab/jlab_core.9ae09eead5139c587af4.js?v=9ae09eead5139c587af4:0
[29703822ms] [ERROR] WebSocket connection to 'wss://jupyter.cx3.rcs.ic.ac.uk/user/osella/api/events/subscribe' failed: Error during WebSocket handshake: Unexpected response code: 302 @ https://jupyter.cx3.rcs.ic.ac.uk/user/osella/static/lab/jlab_core.9ae09eead5139c587af4.js?v=9ae09eead5139c587af4:0
[29707046ms] [ERROR] WebSocket connection to 'wss://jupyter.cx3.rcs.ic.ac.uk/user/osella/api/events/subscribe' failed: Error during WebSocket handshake: Unexpected response code: 302 @ https://jupyter.cx3.rcs.ic.ac.uk/user/osella/static/lab/jlab_core.9ae09eead5139c587af4.js?v=9ae09eead5139c587af4:0
[29713474ms] [ERROR] WebSocket connection to 'wss://jupyter.cx3.rcs.ic.ac.uk/user/osella/api/events/subscribe' failed: Error during WebSocket handshake: Unexpected response code: 302 @ https://jupyter.cx3.rcs.ic.ac.uk/user/osella/static/lab/jlab_core.9ae09eead5139c587af4.js?v=9ae09eead5139c587af4:0
[29720601ms] [ERROR] WebSocket connection to 'wss://jupyter.cx3.rcs.ic.ac.uk/user/osella/api/events/subscribe' failed: Error during WebSocket handshake: Unexpected response code: 302 @ https://jupyter.cx3.rcs.ic.ac.uk/user/osella/static/lab/jlab_core.9ae09eead5139c587af4.js?v=9ae09eead5139c587af4:0
[29732348ms] [ERROR] WebSocket connection to 'wss://jupyter.cx3.rcs.ic.ac.uk/user/osella/api/events/subscribe' failed: Error during WebSocket handshake: Unexpected response code: 302 @ https://jupyter.cx3.rcs.ic.ac.uk/user/osella/static/lab/jlab_core.9ae09eead5139c587af4.js?v=9ae09eead5139c587af4:0
[29740299ms] [ERROR] WebSocket connection to 'wss://jupyter.cx3.rcs.ic.ac.uk/user/osella/api/events/subscribe' failed: Error during WebSocket handshake: Unexpected response code: 302 @ https://jupyter.cx3.rcs.ic.ac.uk/user/osella/static/lab/jlab_core.9ae09eead5139c587af4.js?v=9ae09eead5139c587af4:0
[29754504ms] [ERROR] WebSocket connection to 'wss://jupyter.cx3.rcs.ic.ac.uk/user/osella/api/events/subscribe' failed: Error during WebSocket handshake: Unexpected response code: 302 @ https://jupyter.cx3.rcs.ic.ac.uk/user/osella/static/lab/jlab_core.9ae09eead5139c587af4.js?v=9ae09eead5139c587af4:0
[29774604ms] [ERROR] WebSocket connection to 'wss://jupyter.cx3.rcs.ic.ac.uk/user/osella/api/events/subscribe' failed: Error during WebSocket handshake: Unexpected response code: 302 @ https://jupyter.cx3.rcs.ic.ac.uk/user/osella/static/lab/jlab_core.9ae09eead5139c587af4.js?v=9ae09eead5139c587af4:0
[29804667ms] [ERROR] WebSocket connection to 'wss://jupyter.cx3.rcs.ic.ac.uk/user/osella/api/events/subscribe' failed: Error during WebSocket handshake: Unexpected response code: 302 @ https://jupyter.cx3.rcs.ic.ac.uk/user/osella/static/lab/jlab_core.9ae09eead5139c587af4.js?v=9ae09eead5139c587af4:0
[29834751ms] [ERROR] WebSocket connection to 'wss://jupyter.cx3.rcs.ic.ac.uk/user/osella/api/events/subscribe' failed: Error during WebSocket handshake: Unexpected response code: 302 @ https://jupyter.cx3.rcs.ic.ac.uk/user/osella/static/lab/jlab_core.9ae09eead5139c587af4.js?v=9ae09eead5139c587af4:0
[29851303ms] [ERROR] WebSocket connection to 'wss://jupyter.cx3.rcs.ic.ac.uk/user/osella/api/events/subscribe' failed: Error during WebSocket handshake: Unexpected response code: 302 @ https://jupyter.cx3.rcs.ic.ac.uk/user/osella/static/lab/jlab_core.9ae09eead5139c587af4.js?v=9ae09eead5139c587af4:0
[29881399ms] [ERROR] WebSocket connection to 'wss://jupyter.cx3.rcs.ic.ac.uk/user/osella/api/events/subscribe' failed: Error during WebSocket handshake: Unexpected response code: 302 @ https://jupyter.cx3.rcs.ic.ac.uk/user/osella/static/lab/jlab_core.9ae09eead5139c587af4.js?v=9ae09eead5139c587af4:0
[29911473ms] [ERROR] WebSocket connection to 'wss://jupyter.cx3.rcs.ic.ac.uk/user/osella/api/events/subscribe' failed: Error during WebSocket handshake: Unexpected response code: 302 @ https://jupyter.cx3.rcs.ic.ac.uk/user/osella/static/lab/jlab_core.9ae09eead5139c587af4.js?v=9ae09eead5139c587af4:0
[29923541ms] [ERROR] Failed to load resource: the server responded with a status of 424 (Failed Dependency) @ https://jupyter.cx3.rcs.ic.ac.uk/hub/user/osella/lab/api/workspaces?1784961379310:0
[29939542ms] [ERROR] WebSocket connection to 'wss://jupyter.cx3.rcs.ic.ac.uk/user/osella/api/events/subscribe' failed: Error during WebSocket handshake: Unexpected response code: 302 @ https://jupyter.cx3.rcs.ic.ac.uk/user/osella/static/lab/jlab_core.9ae09eead5139c587af4.js?v=9ae09eead5139c587af4:0
[29969603ms] [ERROR] WebSocket connection to 'wss://jupyter.cx3.rcs.ic.ac.uk/user/osella/api/events/subscribe' failed: Error during WebSocket handshake: Unexpected response code: 302 @ https://jupyter.cx3.rcs.ic.ac.uk/user/osella/static/lab/jlab_core.9ae09eead5139c587af4.js?v=9ae09eead5139c587af4:0
[29999748ms] [ERROR] WebSocket connection to 'wss://jupyter.cx3.rcs.ic.ac.uk/user/osella/api/events/subscribe' failed: Error during WebSocket handshake: Unexpected response code: 302 @ https://jupyter.cx3.rcs.ic.ac.uk/user/osella/static/lab/jlab_core.9ae09eead5139c587af4.js?v=9ae09eead5139c587af4:0
[30029846ms] [ERROR] WebSocket connection to 'wss://jupyter.cx3.rcs.ic.ac.uk/user/osella/api/events/subscribe' failed: Error during WebSocket handshake: Unexpected response code: 302 @ https://jupyter.cx3.rcs.ic.ac.uk/user/osella/static/lab/jlab_core.9ae09eead5139c587af4.js?v=9ae09eead5139c587af4:0
[30059917ms] [ERROR] WebSocket connection to 'wss://jupyter.cx3.rcs.ic.ac.uk/user/osella/api/events/subscribe' failed: Error during WebSocket handshake: Unexpected response code: 302 @ https://jupyter.cx3.rcs.ic.ac.uk/user/osella/static/lab/jlab_core.9ae09eead5139c587af4.js?v=9ae09eead5139c587af4:0
[30089987ms] [ERROR] WebSocket connection to 'wss://jupyter.cx3.rcs.ic.ac.uk/user/osella/api/events/subscribe' failed: Error during WebSocket handshake: Unexpected response code: 302 @ https://jupyter.cx3.rcs.ic.ac.uk/user/osella/static/lab/jlab_core.9ae09eead5139c587af4.js?v=9ae09eead5139c587af4:0
[30095474ms] [ERROR] WebSocket connection to 'wss://jupyter.cx3.rcs.ic.ac.uk/user/osella/api/events/subscribe' failed: Error during WebSocket handshake: Unexpected response code: 302 @ https://jupyter.cx3.rcs.ic.ac.uk/user/osella/static/lab/jlab_core.9ae09eead5139c587af4.js?v=9ae09eead5139c587af4:0
[30100555ms] [ERROR] WebSocket connection to 'wss://jupyter.cx3.rcs.ic.ac.uk/user/osella/api/events/subscribe' failed: Error during WebSocket handshake: Unexpected response code: 302 @ https://jupyter.cx3.rcs.ic.ac.uk/user/osella/static/lab/jlab_core.9ae09eead5139c587af4.js?v=9ae09eead5139c587af4:0
[30109747ms] [ERROR] WebSocket connection to 'wss://jupyter.cx3.rcs.ic.ac.uk/user/osella/api/events/subscribe' failed: Error during WebSocket handshake: Unexpected response code: 302 @ https://jupyter.cx3.rcs.ic.ac.uk/user/osella/static/lab/jlab_core.9ae09eead5139c587af4.js?v=9ae09eead5139c587af4:0
[30129572ms] [ERROR] WebSocket connection to 'wss://jupyter.cx3.rcs.ic.ac.uk/user/osella/api/events/subscribe' failed: Error during WebSocket handshake: Unexpected response code: 302 @ https://jupyter.cx3.rcs.ic.ac.uk/user/osella/static/lab/jlab_core.9ae09eead5139c587af4.js?v=9ae09eead5139c587af4:0
[30141232ms] [ERROR] WebSocket connection to 'wss://jupyter.cx3.rcs.ic.ac.uk/user/osella/api/events/subscribe' failed: Error during WebSocket handshake: Unexpected response code: 302 @ https://jupyter.cx3.rcs.ic.ac.uk/user/osella/static/lab/jlab_core.9ae09eead5139c587af4.js?v=9ae09eead5139c587af4:0
[30159492ms] [ERROR] WebSocket connection to 'wss://jupyter.cx3.rcs.ic.ac.uk/user/osella/api/events/subscribe' failed: Error during WebSocket handshake: Unexpected response code: 302 @ https://jupyter.cx3.rcs.ic.ac.uk/user/osella/static/lab/jlab_core.9ae09eead5139c587af4.js?v=9ae09eead5139c587af4:0
[30189567ms] [ERROR] WebSocket connection to 'wss://jupyter.cx3.rcs.ic.ac.uk/user/osella/api/events/subscribe' failed: Error during WebSocket handshake: Unexpected response code: 302 @ https://jupyter.cx3.rcs.ic.ac.uk/user/osella/static/lab/jlab_core.9ae09eead5139c587af4.js?v=9ae09eead5139c587af4:0
[30195104ms] [ERROR] WebSocket connection to 'wss://jupyter.cx3.rcs.ic.ac.uk/user/osella/api/events/subscribe' failed: Error during WebSocket handshake: Unexpected response code: 302 @ https://jupyter.cx3.rcs.ic.ac.uk/user/osella/static/lab/jlab_core.9ae09eead5139c587af4.js?v=9ae09eead5139c587af4:0
[30201114ms] [ERROR] WebSocket connection to 'wss://jupyter.cx3.rcs.ic.ac.uk/user/osella/api/events/subscribe' failed: Error during WebSocket handshake: Unexpected response code: 302 @ https://jupyter.cx3.rcs.ic.ac.uk/user/osella/static/lab/jlab_core.9ae09eead5139c587af4.js?v=9ae09eead5139c587af4:0
[30218432ms] [ERROR] WebSocket connection to 'wss://jupyter.cx3.rcs.ic.ac.uk/user/osella/api/events/subscribe' failed: Error during WebSocket handshake: Unexpected response code: 302 @ https://jupyter.cx3.rcs.ic.ac.uk/user/osella/static/lab/jlab_core.9ae09eead5139c587af4.js?v=9ae09eead5139c587af4:0
[30223672ms] [ERROR] Failed to load resource: the server responded with a status of 424 (Failed Dependency) @ https://jupyter.cx3.rcs.ic.ac.uk/hub/user/osella/lab/api/workspaces?1784961679443:0
[30239278ms] [ERROR] WebSocket connection to 'wss://jupyter.cx3.rcs.ic.ac.uk/user/osella/api/events/subscribe' failed: Error during WebSocket handshake: Unexpected response code: 302 @ https://jupyter.cx3.rcs.ic.ac.uk/user/osella/static/lab/jlab_core.9ae09eead5139c587af4.js?v=9ae09eead5139c587af4:0
[30269377ms] [ERROR] WebSocket connection to 'wss://jupyter.cx3.rcs.ic.ac.uk/user/osella/api/events/subscribe' failed: Error during WebSocket handshake: Unexpected response code: 302 @ https://jupyter.cx3.rcs.ic.ac.uk/user/osella/static/lab/jlab_core.9ae09eead5139c587af4.js?v=9ae09eead5139c587af4:0
[30273697ms] [ERROR] WebSocket connection to 'wss://jupyter.cx3.rcs.ic.ac.uk/user/osella/api/events/subscribe' failed: Error during WebSocket handshake: Unexpected response code: 302 @ https://jupyter.cx3.rcs.ic.ac.uk/user/osella/static/lab/jlab_core.9ae09eead5139c587af4.js?v=9ae09eead5139c587af4:0
[30277360ms] [ERROR] WebSocket connection to 'wss://jupyter.cx3.rcs.ic.ac.uk/user/osella/api/events/subscribe' failed: Error during WebSocket handshake: Unexpected response code: 302 @ https://jupyter.cx3.rcs.ic.ac.uk/user/osella/static/lab/jlab_core.9ae09eead5139c587af4.js?v=9ae09eead5139c587af4:0
[30285694ms] [ERROR] WebSocket connection to 'wss://jupyter.cx3.rcs.ic.ac.uk/user/osella/api/events/subscribe' failed: Error during WebSocket handshake: Unexpected response code: 302 @ https://jupyter.cx3.rcs.ic.ac.uk/user/osella/static/lab/jlab_core.9ae09eead5139c587af4.js?v=9ae09eead5139c587af4:0
[30301212ms] [ERROR] WebSocket connection to 'wss://jupyter.cx3.rcs.ic.ac.uk/user/osella/api/events/subscribe' failed: Error during WebSocket handshake: Unexpected response code: 302 @ https://jupyter.cx3.rcs.ic.ac.uk/user/osella/static/lab/jlab_core.9ae09eead5139c587af4.js?v=9ae09eead5139c587af4:0
[30318225ms] [ERROR] WebSocket connection to 'wss://jupyter.cx3.rcs.ic.ac.uk/user/osella/api/events/subscribe' failed: Error during WebSocket handshake: Unexpected response code: 302 @ https://jupyter.cx3.rcs.ic.ac.uk/user/osella/static/lab/jlab_core.9ae09eead5139c587af4.js?v=9ae09eead5139c587af4:0
[30342826ms] [ERROR] WebSocket connection to 'wss://jupyter.cx3.rcs.ic.ac.uk/user/osella/api/events/subscribe' failed: Error during WebSocket handshake: Unexpected response code: 302 @ https://jupyter.cx3.rcs.ic.ac.uk/user/osella/static/lab/jlab_core.9ae09eead5139c587af4.js?v=9ae09eead5139c587af4:0
[30372891ms] [ERROR] WebSocket connection to 'wss://jupyter.cx3.rcs.ic.ac.uk/user/osella/api/events/subscribe' failed: Error during WebSocket handshake: Unexpected response code: 302 @ https://jupyter.cx3.rcs.ic.ac.uk/user/osella/static/lab/jlab_core.9ae09eead5139c587af4.js?v=9ae09eead5139c587af4:0
[30388176ms] [ERROR] WebSocket connection to 'wss://jupyter.cx3.rcs.ic.ac.uk/user/osella/api/events/subscribe' failed: Error during WebSocket handshake: Unexpected response code: 302 @ https://jupyter.cx3.rcs.ic.ac.uk/user/osella/static/lab/jlab_core.9ae09eead5139c587af4.js?v=9ae09eead5139c587af4:0
[30418259ms] [ERROR] WebSocket connection to 'wss://jupyter.cx3.rcs.ic.ac.uk/user/osella/api/events/subscribe' failed: Error during WebSocket handshake: Unexpected response code: 302 @ https://jupyter.cx3.rcs.ic.ac.uk/user/osella/static/lab/jlab_core.9ae09eead5139c587af4.js?v=9ae09eead5139c587af4:0
[30448317ms] [ERROR] WebSocket connection to 'wss://jupyter.cx3.rcs.ic.ac.uk/user/osella/api/events/subscribe' failed: Error during WebSocket handshake: Unexpected response code: 302 @ https://jupyter.cx3.rcs.ic.ac.uk/user/osella/static/lab/jlab_core.9ae09eead5139c587af4.js?v=9ae09eead5139c587af4:0
[30478376ms] [ERROR] WebSocket connection to 'wss://jupyter.cx3.rcs.ic.ac.uk/user/osella/api/events/subscribe' failed: Error during WebSocket handshake: Unexpected response code: 302 @ https://jupyter.cx3.rcs.ic.ac.uk/user/osella/static/lab/jlab_core.9ae09eead5139c587af4.js?v=9ae09eead5139c587af4:0
[30508444ms] [ERROR] WebSocket connection to 'wss://jupyter.cx3.rcs.ic.ac.uk/user/osella/api/events/subscribe' failed: Error during WebSocket handshake: Unexpected response code: 302 @ https://jupyter.cx3.rcs.ic.ac.uk/user/osella/static/lab/jlab_core.9ae09eead5139c587af4.js?v=9ae09eead5139c587af4:0
[30523844ms] [ERROR] Failed to load resource: the server responded with a status of 424 (Failed Dependency) @ https://jupyter.cx3.rcs.ic.ac.uk/hub/user/osella/lab/api/workspaces?1784961979569:0
[30534461ms] [ERROR] WebSocket connection to 'wss://jupyter.cx3.rcs.ic.ac.uk/user/osella/api/events/subscribe' failed: Error during WebSocket handshake: Unexpected response code: 302 @ https://jupyter.cx3.rcs.ic.ac.uk/user/osella/static/lab/jlab_core.9ae09eead5139c587af4.js?v=9ae09eead5139c587af4:0
[30564559ms] [ERROR] WebSocket connection to 'wss://jupyter.cx3.rcs.ic.ac.uk/user/osella/api/events/subscribe' failed: Error during WebSocket handshake: Unexpected response code: 302 @ https://jupyter.cx3.rcs.ic.ac.uk/user/osella/static/lab/jlab_core.9ae09eead5139c587af4.js?v=9ae09eead5139c587af4:0
[30594645ms] [ERROR] WebSocket connection to 'wss://jupyter.cx3.rcs.ic.ac.uk/user/osella/api/events/subscribe' failed: Error during WebSocket handshake: Unexpected response code: 302 @ https://jupyter.cx3.rcs.ic.ac.uk/user/osella/static/lab/jlab_core.9ae09eead5139c587af4.js?v=9ae09eead5139c587af4:0
[30624719ms] [ERROR] WebSocket connection to 'wss://jupyter.cx3.rcs.ic.ac.uk/user/osella/api/events/subscribe' failed: Error during WebSocket handshake: Unexpected response code: 302 @ https://jupyter.cx3.rcs.ic.ac.uk/user/osella/static/lab/jlab_core.9ae09eead5139c587af4.js?v=9ae09eead5139c587af4:0
[30651469ms] [ERROR] WebSocket connection to 'wss://jupyter.cx3.rcs.ic.ac.uk/user/osella/api/events/subscribe' failed: Error during WebSocket handshake: Unexpected response code: 302 @ https://jupyter.cx3.rcs.ic.ac.uk/user/osella/static/lab/jlab_core.9ae09eead5139c587af4.js?v=9ae09eead5139c587af4:0
[30671207ms] [ERROR] WebSocket connection to 'wss://jupyter.cx3.rcs.ic.ac.uk/user/osella/api/events/subscribe' failed: Error during WebSocket handshake: Unexpected response code: 302 @ https://jupyter.cx3.rcs.ic.ac.uk/user/osella/static/lab/jlab_core.9ae09eead5139c587af4.js?v=9ae09eead5139c587af4:0
[30689300ms] [ERROR] WebSocket connection to 'wss://jupyter.cx3.rcs.ic.ac.uk/user/osella/api/events/subscribe' failed: Error during WebSocket handshake: Unexpected response code: 302 @ https://jupyter.cx3.rcs.ic.ac.uk/user/osella/static/lab/jlab_core.9ae09eead5139c587af4.js?v=9ae09eead5139c587af4:0
[30719372ms] [ERROR] WebSocket connection to 'wss://jupyter.cx3.rcs.ic.ac.uk/user/osella/api/events/subscribe' failed: Error during WebSocket handshake: Unexpected response code: 302 @ https://jupyter.cx3.rcs.ic.ac.uk/user/osella/static/lab/jlab_core.9ae09eead5139c587af4.js?v=9ae09eead5139c587af4:0
[30729269ms] [ERROR] WebSocket connection to 'wss://jupyter.cx3.rcs.ic.ac.uk/user/osella/api/events/subscribe' failed: Error during WebSocket handshake: Unexpected response code: 302 @ https://jupyter.cx3.rcs.ic.ac.uk/user/osella/static/lab/jlab_core.9ae09eead5139c587af4.js?v=9ae09eead5139c587af4:0
[30730345ms] [ERROR] WebSocket connection to 'wss://jupyter.cx3.rcs.ic.ac.uk/user/osella/api/events/subscribe' failed: Error during WebSocket handshake: Unexpected response code: 302 @ https://jupyter.cx3.rcs.ic.ac.uk/user/osella/static/lab/jlab_core.9ae09eead5139c587af4.js?v=9ae09eead5139c587af4:0
[30731698ms] [ERROR] WebSocket connection to 'wss://jupyter.cx3.rcs.ic.ac.uk/user/osella/api/events/subscribe' failed: Error during WebSocket handshake: Unexpected response code: 302 @ https://jupyter.cx3.rcs.ic.ac.uk/user/osella/static/lab/jlab_core.9ae09eead5139c587af4.js?v=9ae09eead5139c587af4:0
[30734365ms] [ERROR] WebSocket connection to 'wss://jupyter.cx3.rcs.ic.ac.uk/user/osella/api/events/subscribe' failed: Error during WebSocket handshake: Unexpected response code: 302 @ https://jupyter.cx3.rcs.ic.ac.uk/user/osella/static/lab/jlab_core.9ae09eead5139c587af4.js?v=9ae09eead5139c587af4:0
[30741578ms] [ERROR] WebSocket connection to 'wss://jupyter.cx3.rcs.ic.ac.uk/user/osella/api/events/subscribe' failed: Error during WebSocket handshake: Unexpected response code: 302 @ https://jupyter.cx3.rcs.ic.ac.uk/user/osella/static/lab/jlab_core.9ae09eead5139c587af4.js?v=9ae09eead5139c587af4:0
[30744603ms] [ERROR] WebSocket connection to 'wss://jupyter.cx3.rcs.ic.ac.uk/user/osella/api/events/subscribe' failed: Error during WebSocket handshake: Unexpected response code: 302 @ https://jupyter.cx3.rcs.ic.ac.uk/user/osella/static/lab/jlab_core.9ae09eead5139c587af4.js?v=9ae09eead5139c587af4:0
[30748235ms] [ERROR] WebSocket connection to 'wss://jupyter.cx3.rcs.ic.ac.uk/user/osella/api/events/subscribe' failed: Error during WebSocket handshake: Unexpected response code: 302 @ https://jupyter.cx3.rcs.ic.ac.uk/user/osella/static/lab/jlab_core.9ae09eead5139c587af4.js?v=9ae09eead5139c587af4:0
[30757510ms] [ERROR] WebSocket connection to 'wss://jupyter.cx3.rcs.ic.ac.uk/user/osella/api/events/subscribe' failed: Error during WebSocket handshake: Unexpected response code: 302 @ https://jupyter.cx3.rcs.ic.ac.uk/user/osella/static/lab/jlab_core.9ae09eead5139c587af4.js?v=9ae09eead5139c587af4:0
[30771619ms] [ERROR] WebSocket connection to 'wss://jupyter.cx3.rcs.ic.ac.uk/user/osella/api/events/subscribe' failed: Error during WebSocket handshake: Unexpected response code: 302 @ https://jupyter.cx3.rcs.ic.ac.uk/user/osella/static/lab/jlab_core.9ae09eead5139c587af4.js?v=9ae09eead5139c587af4:0
[30793480ms] [ERROR] WebSocket connection to 'wss://jupyter.cx3.rcs.ic.ac.uk/user/osella/api/events/subscribe' failed: Error during WebSocket handshake: Unexpected response code: 302 @ https://jupyter.cx3.rcs.ic.ac.uk/user/osella/static/lab/jlab_core.9ae09eead5139c587af4.js?v=9ae09eead5139c587af4:0
[30809915ms] [ERROR] WebSocket connection to 'wss://jupyter.cx3.rcs.ic.ac.uk/user/osella/api/events/subscribe' failed: Error during WebSocket handshake: Unexpected response code: 302 @ https://jupyter.cx3.rcs.ic.ac.uk/user/osella/static/lab/jlab_core.9ae09eead5139c587af4.js?v=9ae09eead5139c587af4:0
[30823982ms] [ERROR] Failed to load resource: the server responded with a status of 424 (Failed Dependency) @ https://jupyter.cx3.rcs.ic.ac.uk/hub/user/osella/lab/api/workspaces?1784962279745:0
[30839986ms] [ERROR] WebSocket connection to 'wss://jupyter.cx3.rcs.ic.ac.uk/user/osella/api/events/subscribe' failed: Error during WebSocket handshake: Unexpected response code: 302 @ https://jupyter.cx3.rcs.ic.ac.uk/user/osella/static/lab/jlab_core.9ae09eead5139c587af4.js?v=9ae09eead5139c587af4:0
[30870051ms] [ERROR] WebSocket connection to 'wss://jupyter.cx3.rcs.ic.ac.uk/user/osella/api/events/subscribe' failed: Error during WebSocket handshake: Unexpected response code: 302 @ https://jupyter.cx3.rcs.ic.ac.uk/user/osella/static/lab/jlab_core.9ae09eead5139c587af4.js?v=9ae09eead5139c587af4:0
[30900120ms] [ERROR] WebSocket connection to 'wss://jupyter.cx3.rcs.ic.ac.uk/user/osella/api/events/subscribe' failed: Error during WebSocket handshake: Unexpected response code: 302 @ https://jupyter.cx3.rcs.ic.ac.uk/user/osella/static/lab/jlab_core.9ae09eead5139c587af4.js?v=9ae09eead5139c587af4:0
[30930213ms] [ERROR] WebSocket connection to 'wss://jupyter.cx3.rcs.ic.ac.uk/user/osella/api/events/subscribe' failed: Error during WebSocket handshake: Unexpected response code: 302 @ https://jupyter.cx3.rcs.ic.ac.uk/user/osella/static/lab/jlab_core.9ae09eead5139c587af4.js?v=9ae09eead5139c587af4:0
[30942796ms] [ERROR] WebSocket connection to 'wss://jupyter.cx3.rcs.ic.ac.uk/user/osella/api/events/subscribe' failed: Error during WebSocket handshake: Unexpected response code: 302 @ https://jupyter.cx3.rcs.ic.ac.uk/user/osella/static/lab/jlab_core.9ae09eead5139c587af4.js?v=9ae09eead5139c587af4:0
[30969088ms] [ERROR] WebSocket connection to 'wss://jupyter.cx3.rcs.ic.ac.uk/user/osella/api/events/subscribe' failed: Error during WebSocket handshake: Unexpected response code: 302 @ https://jupyter.cx3.rcs.ic.ac.uk/user/osella/static/lab/jlab_core.9ae09eead5139c587af4.js?v=9ae09eead5139c587af4:0
[30999240ms] [ERROR] WebSocket connection to 'wss://jupyter.cx3.rcs.ic.ac.uk/user/osella/api/events/subscribe' failed: Error during WebSocket handshake: Unexpected response code: 302 @ https://jupyter.cx3.rcs.ic.ac.uk/user/osella/static/lab/jlab_core.9ae09eead5139c587af4.js?v=9ae09eead5139c587af4:0
[31029324ms] [ERROR] WebSocket connection to 'wss://jupyter.cx3.rcs.ic.ac.uk/user/osella/api/events/subscribe' failed: Error during WebSocket handshake: Unexpected response code: 302 @ https://jupyter.cx3.rcs.ic.ac.uk/user/osella/static/lab/jlab_core.9ae09eead5139c587af4.js?v=9ae09eead5139c587af4:0
[31052833ms] [ERROR] WebSocket connection to 'wss://jupyter.cx3.rcs.ic.ac.uk/user/osella/api/events/subscribe' failed: Error during WebSocket handshake: Unexpected response code: 302 @ https://jupyter.cx3.rcs.ic.ac.uk/user/osella/static/lab/jlab_core.9ae09eead5139c587af4.js?v=9ae09eead5139c587af4:0
[31055193ms] [ERROR] WebSocket connection to 'wss://jupyter.cx3.rcs.ic.ac.uk/user/osella/api/events/subscribe' failed: Error during WebSocket handshake: Unexpected response code: 302 @ https://jupyter.cx3.rcs.ic.ac.uk/user/osella/static/lab/jlab_core.9ae09eead5139c587af4.js?v=9ae09eead5139c587af4:0
[31060204ms] [ERROR] WebSocket connection to 'wss://jupyter.cx3.rcs.ic.ac.uk/user/osella/api/events/subscribe' failed: Error during WebSocket handshake: Unexpected response code: 302 @ https://jupyter.cx3.rcs.ic.ac.uk/user/osella/static/lab/jlab_core.9ae09eead5139c587af4.js?v=9ae09eead5139c587af4:0
[31069733ms] [ERROR] WebSocket connection to 'wss://jupyter.cx3.rcs.ic.ac.uk/user/osella/api/events/subscribe' failed: Error during WebSocket handshake: Unexpected response code: 302 @ https://jupyter.cx3.rcs.ic.ac.uk/user/osella/static/lab/jlab_core.9ae09eead5139c587af4.js?v=9ae09eead5139c587af4:0
[31076335ms] [ERROR] WebSocket connection to 'wss://jupyter.cx3.rcs.ic.ac.uk/user/osella/api/events/subscribe' failed: Error during WebSocket handshake: Unexpected response code: 302 @ https://jupyter.cx3.rcs.ic.ac.uk/user/osella/static/lab/jlab_core.9ae09eead5139c587af4.js?v=9ae09eead5139c587af4:0
[31078490ms] [ERROR] WebSocket connection to 'wss://jupyter.cx3.rcs.ic.ac.uk/user/osella/api/events/subscribe' failed: Error during WebSocket handshake: Unexpected response code: 302 @ https://jupyter.cx3.rcs.ic.ac.uk/user/osella/static/lab/jlab_core.9ae09eead5139c587af4.js?v=9ae09eead5139c587af4:0
[31083054ms] [ERROR] WebSocket connection to 'wss://jupyter.cx3.rcs.ic.ac.uk/user/osella/api/events/subscribe' failed: Error during WebSocket handshake: Unexpected response code: 302 @ https://jupyter.cx3.rcs.ic.ac.uk/user/osella/static/lab/jlab_core.9ae09eead5139c587af4.js?v=9ae09eead5139c587af4:0
[31093880ms] [ERROR] WebSocket connection to 'wss://jupyter.cx3.rcs.ic.ac.uk/user/osella/api/events/subscribe' failed: Error during WebSocket handshake: Unexpected response code: 302 @ https://jupyter.cx3.rcs.ic.ac.uk/user/osella/static/lab/jlab_core.9ae09eead5139c587af4.js?v=9ae09eead5139c587af4:0
[31107305ms] [ERROR] WebSocket connection to 'wss://jupyter.cx3.rcs.ic.ac.uk/user/osella/api/events/subscribe' failed: Error during WebSocket handshake: Unexpected response code: 302 @ https://jupyter.cx3.rcs.ic.ac.uk/user/osella/static/lab/jlab_core.9ae09eead5139c587af4.js?v=9ae09eead5139c587af4:0
[31124161ms] [ERROR] Failed to load resource: the server responded with a status of 424 (Failed Dependency) @ https://jupyter.cx3.rcs.ic.ac.uk/hub/user/osella/lab/api/workspaces?1784962579881:0
[31137430ms] [ERROR] WebSocket connection to 'wss://jupyter.cx3.rcs.ic.ac.uk/user/osella/api/events/subscribe' failed: Error during WebSocket handshake: Unexpected response code: 302 @ https://jupyter.cx3.rcs.ic.ac.uk/user/osella/static/lab/jlab_core.9ae09eead5139c587af4.js?v=9ae09eead5139c587af4:0
[31164548ms] [ERROR] WebSocket connection to 'wss://jupyter.cx3.rcs.ic.ac.uk/user/osella/api/events/subscribe' failed: Error during WebSocket handshake: Unexpected response code: 302 @ https://jupyter.cx3.rcs.ic.ac.uk/user/osella/static/lab/jlab_core.9ae09eead5139c587af4.js?v=9ae09eead5139c587af4:0
[31180102ms] [ERROR] WebSocket connection to 'wss://jupyter.cx3.rcs.ic.ac.uk/user/osella/api/events/subscribe' failed: Error during WebSocket handshake: Unexpected response code: 302 @ https://jupyter.cx3.rcs.ic.ac.uk/user/osella/static/lab/jlab_core.9ae09eead5139c587af4.js?v=9ae09eead5139c587af4:0
[31187805ms] [ERROR] WebSocket connection to 'wss://jupyter.cx3.rcs.ic.ac.uk/user/osella/api/events/subscribe' failed: Error during WebSocket handshake: Unexpected response code: 302 @ https://jupyter.cx3.rcs.ic.ac.uk/user/osella/static/lab/jlab_core.9ae09eead5139c587af4.js?v=9ae09eead5139c587af4:0
[31195714ms] [ERROR] WebSocket connection to 'wss://jupyter.cx3.rcs.ic.ac.uk/user/osella/api/events/subscribe' failed: Error during WebSocket handshake: Unexpected response code: 302 @ https://jupyter.cx3.rcs.ic.ac.uk/user/osella/static/lab/jlab_core.9ae09eead5139c587af4.js?v=9ae09eead5139c587af4:0
[31215145ms] [ERROR] WebSocket connection to 'wss://jupyter.cx3.rcs.ic.ac.uk/user/osella/api/events/subscribe' failed: Error during WebSocket handshake: Unexpected response code: 302 @ https://jupyter.cx3.rcs.ic.ac.uk/user/osella/static/lab/jlab_core.9ae09eead5139c587af4.js?v=9ae09eead5139c587af4:0
[31243326ms] [ERROR] WebSocket connection to 'wss://jupyter.cx3.rcs.ic.ac.uk/user/osella/api/events/subscribe' failed: Error during WebSocket handshake: Unexpected response code: 302 @ https://jupyter.cx3.rcs.ic.ac.uk/user/osella/static/lab/jlab_core.9ae09eead5139c587af4.js?v=9ae09eead5139c587af4:0
[31273405ms] [ERROR] WebSocket connection to 'wss://jupyter.cx3.rcs.ic.ac.uk/user/osella/api/events/subscribe' failed: Error during WebSocket handshake: Unexpected response code: 302 @ https://jupyter.cx3.rcs.ic.ac.uk/user/osella/static/lab/jlab_core.9ae09eead5139c587af4.js?v=9ae09eead5139c587af4:0
[31303495ms] [ERROR] WebSocket connection to 'wss://jupyter.cx3.rcs.ic.ac.uk/user/osella/api/events/subscribe' failed: Error during WebSocket handshake: Unexpected response code: 302 @ https://jupyter.cx3.rcs.ic.ac.uk/user/osella/static/lab/jlab_core.9ae09eead5139c587af4.js?v=9ae09eead5139c587af4:0
[31333563ms] [ERROR] WebSocket connection to 'wss://jupyter.cx3.rcs.ic.ac.uk/user/osella/api/events/subscribe' failed: Error during WebSocket handshake: Unexpected response code: 302 @ https://jupyter.cx3.rcs.ic.ac.uk/user/osella/static/lab/jlab_core.9ae09eead5139c587af4.js?v=9ae09eead5139c587af4:0
[31363623ms] [ERROR] WebSocket connection to 'wss://jupyter.cx3.rcs.ic.ac.uk/user/osella/api/events/subscribe' failed: Error during WebSocket handshake: Unexpected response code: 302 @ https://jupyter.cx3.rcs.ic.ac.uk/user/osella/static/lab/jlab_core.9ae09eead5139c587af4.js?v=9ae09eead5139c587af4:0
[31393695ms] [ERROR] WebSocket connection to 'wss://jupyter.cx3.rcs.ic.ac.uk/user/osella/api/events/subscribe' failed: Error during WebSocket handshake: Unexpected response code: 302 @ https://jupyter.cx3.rcs.ic.ac.uk/user/osella/static/lab/jlab_core.9ae09eead5139c587af4.js?v=9ae09eead5139c587af4:0
[31423790ms] [ERROR] WebSocket connection to 'wss://jupyter.cx3.rcs.ic.ac.uk/user/osella/api/events/subscribe' failed: Error during WebSocket handshake: Unexpected response code: 302 @ https://jupyter.cx3.rcs.ic.ac.uk/user/osella/static/lab/jlab_core.9ae09eead5139c587af4.js?v=9ae09eead5139c587af4:0
[31424298ms] [ERROR] Failed to load resource: the server responded with a status of 424 (Failed Dependency) @ https://jupyter.cx3.rcs.ic.ac.uk/hub/user/osella/lab/api/workspaces?1784962880059:0
[31430080ms] [ERROR] WebSocket connection to 'wss://jupyter.cx3.rcs.ic.ac.uk/user/osella/api/events/subscribe' failed: Error during WebSocket handshake: Unexpected response code: 302 @ https://jupyter.cx3.rcs.ic.ac.uk/user/osella/static/lab/jlab_core.9ae09eead5139c587af4.js?v=9ae09eead5139c587af4:0
[31433346ms] [ERROR] WebSocket connection to 'wss://jupyter.cx3.rcs.ic.ac.uk/user/osella/api/events/subscribe' failed: Error during WebSocket handshake: Unexpected response code: 302 @ https://jupyter.cx3.rcs.ic.ac.uk/user/osella/static/lab/jlab_core.9ae09eead5139c587af4.js?v=9ae09eead5139c587af4:0
[31442405ms] [ERROR] WebSocket connection to 'wss://jupyter.cx3.rcs.ic.ac.uk/user/osella/api/events/subscribe' failed: Error during WebSocket handshake: Unexpected response code: 302 @ https://jupyter.cx3.rcs.ic.ac.uk/user/osella/static/lab/jlab_core.9ae09eead5139c587af4.js?v=9ae09eead5139c587af4:0
[31456447ms] [ERROR] WebSocket connection to 'wss://jupyter.cx3.rcs.ic.ac.uk/user/osella/api/events/subscribe' failed: Error during WebSocket handshake: Unexpected response code: 302 @ https://jupyter.cx3.rcs.ic.ac.uk/user/osella/static/lab/jlab_core.9ae09eead5139c587af4.js?v=9ae09eead5139c587af4:0
[31474690ms] [ERROR] WebSocket connection to 'wss://jupyter.cx3.rcs.ic.ac.uk/user/osella/api/events/subscribe' failed: Error during WebSocket handshake: Unexpected response code: 302 @ https://jupyter.cx3.rcs.ic.ac.uk/user/osella/static/lab/jlab_core.9ae09eead5139c587af4.js?v=9ae09eead5139c587af4:0
[31504766ms] [ERROR] WebSocket connection to 'wss://jupyter.cx3.rcs.ic.ac.uk/user/osella/api/events/subscribe' failed: Error during WebSocket handshake: Unexpected response code: 302 @ https://jupyter.cx3.rcs.ic.ac.uk/user/osella/static/lab/jlab_core.9ae09eead5139c587af4.js?v=9ae09eead5139c587af4:0
[31534841ms] [ERROR] WebSocket connection to 'wss://jupyter.cx3.rcs.ic.ac.uk/user/osella/api/events/subscribe' failed: Error during WebSocket handshake: Unexpected response code: 302 @ https://jupyter.cx3.rcs.ic.ac.uk/user/osella/static/lab/jlab_core.9ae09eead5139c587af4.js?v=9ae09eead5139c587af4:0
[31564937ms] [ERROR] WebSocket connection to 'wss://jupyter.cx3.rcs.ic.ac.uk/user/osella/api/events/subscribe' failed: Error during WebSocket handshake: Unexpected response code: 302 @ https://jupyter.cx3.rcs.ic.ac.uk/user/osella/static/lab/jlab_core.9ae09eead5139c587af4.js?v=9ae09eead5139c587af4:0
[31595004ms] [ERROR] WebSocket connection to 'wss://jupyter.cx3.rcs.ic.ac.uk/user/osella/api/events/subscribe' failed: Error during WebSocket handshake: Unexpected response code: 302 @ https://jupyter.cx3.rcs.ic.ac.uk/user/osella/static/lab/jlab_core.9ae09eead5139c587af4.js?v=9ae09eead5139c587af4:0
[31600037ms] [ERROR] WebSocket connection to 'wss://jupyter.cx3.rcs.ic.ac.uk/user/osella/api/events/subscribe' failed: Error during WebSocket handshake: Unexpected response code: 302 @ https://jupyter.cx3.rcs.ic.ac.uk/user/osella/static/lab/jlab_core.9ae09eead5139c587af4.js?v=9ae09eead5139c587af4:0
[31609450ms] [ERROR] WebSocket connection to 'wss://jupyter.cx3.rcs.ic.ac.uk/user/osella/api/events/subscribe' failed: Error during WebSocket handshake: Unexpected response code: 302 @ https://jupyter.cx3.rcs.ic.ac.uk/user/osella/static/lab/jlab_core.9ae09eead5139c587af4.js?v=9ae09eead5139c587af4:0
[31617874ms] [ERROR] WebSocket connection to 'wss://jupyter.cx3.rcs.ic.ac.uk/user/osella/api/events/subscribe' failed: Error during WebSocket handshake: Unexpected response code: 302 @ https://jupyter.cx3.rcs.ic.ac.uk/user/osella/static/lab/jlab_core.9ae09eead5139c587af4.js?v=9ae09eead5139c587af4:0
[31640805ms] [ERROR] WebSocket connection to 'wss://jupyter.cx3.rcs.ic.ac.uk/user/osella/api/events/subscribe' failed: Error during WebSocket handshake: Unexpected response code: 302 @ https://jupyter.cx3.rcs.ic.ac.uk/user/osella/static/lab/jlab_core.9ae09eead5139c587af4.js?v=9ae09eead5139c587af4:0
[31670887ms] [ERROR] WebSocket connection to 'wss://jupyter.cx3.rcs.ic.ac.uk/user/osella/api/events/subscribe' failed: Error during WebSocket handshake: Unexpected response code: 302 @ https://jupyter.cx3.rcs.ic.ac.uk/user/osella/static/lab/jlab_core.9ae09eead5139c587af4.js?v=9ae09eead5139c587af4:0
[31689314ms] [ERROR] WebSocket connection to 'wss://jupyter.cx3.rcs.ic.ac.uk/user/osella/api/events/subscribe' failed: Error during WebSocket handshake: Unexpected response code: 302 @ https://jupyter.cx3.rcs.ic.ac.uk/user/osella/static/lab/jlab_core.9ae09eead5139c587af4.js?v=9ae09eead5139c587af4:0
[31694794ms] [ERROR] WebSocket connection to 'wss://jupyter.cx3.rcs.ic.ac.uk/user/osella/api/events/subscribe' failed: Error during WebSocket handshake: Unexpected response code: 302 @ https://jupyter.cx3.rcs.ic.ac.uk/user/osella/static/lab/jlab_core.9ae09eead5139c587af4.js?v=9ae09eead5139c587af4:0
[31706416ms] [ERROR] WebSocket connection to 'wss://jupyter.cx3.rcs.ic.ac.uk/user/osella/api/events/subscribe' failed: Error during WebSocket handshake: Unexpected response code: 302 @ https://jupyter.cx3.rcs.ic.ac.uk/user/osella/static/lab/jlab_core.9ae09eead5139c587af4.js?v=9ae09eead5139c587af4:0
[31712958ms] [ERROR] WebSocket connection to 'wss://jupyter.cx3.rcs.ic.ac.uk/user/osella/api/events/subscribe' failed: Error during WebSocket handshake: Unexpected response code: 302 @ https://jupyter.cx3.rcs.ic.ac.uk/user/osella/static/lab/jlab_core.9ae09eead5139c587af4.js?v=9ae09eead5139c587af4:0
[31724444ms] [ERROR] Failed to load resource: the server responded with a status of 424 (Failed Dependency) @ https://jupyter.cx3.rcs.ic.ac.uk/hub/user/osella/lab/api/workspaces?1784963180202:0
[31726446ms] [ERROR] WebSocket connection to 'wss://jupyter.cx3.rcs.ic.ac.uk/user/osella/api/events/subscribe' failed: Error during WebSocket handshake: Unexpected response code: 302 @ https://jupyter.cx3.rcs.ic.ac.uk/user/osella/static/lab/jlab_core.9ae09eead5139c587af4.js?v=9ae09eead5139c587af4:0
[31734113ms] [ERROR] WebSocket connection to 'wss://jupyter.cx3.rcs.ic.ac.uk/user/osella/api/events/subscribe' failed: Error during WebSocket handshake: Unexpected response code: 302 @ https://jupyter.cx3.rcs.ic.ac.uk/user/osella/static/lab/jlab_core.9ae09eead5139c587af4.js?v=9ae09eead5139c587af4:0
[31745327ms] [ERROR] WebSocket connection to 'wss://jupyter.cx3.rcs.ic.ac.uk/user/osella/api/events/subscribe' failed: Error during WebSocket handshake: Unexpected response code: 302 @ https://jupyter.cx3.rcs.ic.ac.uk/user/osella/static/lab/jlab_core.9ae09eead5139c587af4.js?v=9ae09eead5139c587af4:0
[31748150ms] [ERROR] WebSocket connection to 'wss://jupyter.cx3.rcs.ic.ac.uk/user/osella/api/events/subscribe' failed: Error during WebSocket handshake: Unexpected response code: 302 @ https://jupyter.cx3.rcs.ic.ac.uk/user/osella/static/lab/jlab_core.9ae09eead5139c587af4.js?v=9ae09eead5139c587af4:0
[31752064ms] [ERROR] WebSocket connection to 'wss://jupyter.cx3.rcs.ic.ac.uk/user/osella/api/events/subscribe' failed: Error during WebSocket handshake: Unexpected response code: 302 @ https://jupyter.cx3.rcs.ic.ac.uk/user/osella/static/lab/jlab_core.9ae09eead5139c587af4.js?v=9ae09eead5139c587af4:0
[31761103ms] [ERROR] WebSocket connection to 'wss://jupyter.cx3.rcs.ic.ac.uk/user/osella/api/events/subscribe' failed: Error during WebSocket handshake: Unexpected response code: 302 @ https://jupyter.cx3.rcs.ic.ac.uk/user/osella/static/lab/jlab_core.9ae09eead5139c587af4.js?v=9ae09eead5139c587af4:0
[31773064ms] [ERROR] WebSocket connection to 'wss://jupyter.cx3.rcs.ic.ac.uk/user/osella/api/events/subscribe' failed: Error during WebSocket handshake: Unexpected response code: 302 @ https://jupyter.cx3.rcs.ic.ac.uk/user/osella/static/lab/jlab_core.9ae09eead5139c587af4.js?v=9ae09eead5139c587af4:0
[31803287ms] [ERROR] WebSocket connection to 'wss://jupyter.cx3.rcs.ic.ac.uk/user/osella/api/events/subscribe' failed: Error during WebSocket handshake: Unexpected response code: 302 @ https://jupyter.cx3.rcs.ic.ac.uk/user/osella/static/lab/jlab_core.9ae09eead5139c587af4.js?v=9ae09eead5139c587af4:0
[31833383ms] [ERROR] WebSocket connection to 'wss://jupyter.cx3.rcs.ic.ac.uk/user/osella/api/events/subscribe' failed: Error during WebSocket handshake: Unexpected response code: 302 @ https://jupyter.cx3.rcs.ic.ac.uk/user/osella/static/lab/jlab_core.9ae09eead5139c587af4.js?v=9ae09eead5139c587af4:0
[31863445ms] [ERROR] WebSocket connection to 'wss://jupyter.cx3.rcs.ic.ac.uk/user/osella/api/events/subscribe' failed: Error during WebSocket handshake: Unexpected response code: 302 @ https://jupyter.cx3.rcs.ic.ac.uk/user/osella/static/lab/jlab_core.9ae09eead5139c587af4.js?v=9ae09eead5139c587af4:0
[31893512ms] [ERROR] WebSocket connection to 'wss://jupyter.cx3.rcs.ic.ac.uk/user/osella/api/events/subscribe' failed: Error during WebSocket handshake: Unexpected response code: 302 @ https://jupyter.cx3.rcs.ic.ac.uk/user/osella/static/lab/jlab_core.9ae09eead5139c587af4.js?v=9ae09eead5139c587af4:0
[31923570ms] [ERROR] WebSocket connection to 'wss://jupyter.cx3.rcs.ic.ac.uk/user/osella/api/events/subscribe' failed: Error during WebSocket handshake: Unexpected response code: 302 @ https://jupyter.cx3.rcs.ic.ac.uk/user/osella/static/lab/jlab_core.9ae09eead5139c587af4.js?v=9ae09eead5139c587af4:0
[31947259ms] [ERROR] WebSocket connection to 'wss://jupyter.cx3.rcs.ic.ac.uk/user/osella/api/events/subscribe' failed: Error during WebSocket handshake: Unexpected response code: 302 @ https://jupyter.cx3.rcs.ic.ac.uk/user/osella/static/lab/jlab_core.9ae09eead5139c587af4.js?v=9ae09eead5139c587af4:0
[31977351ms] [ERROR] WebSocket connection to 'wss://jupyter.cx3.rcs.ic.ac.uk/user/osella/api/events/subscribe' failed: Error during WebSocket handshake: Unexpected response code: 302 @ https://jupyter.cx3.rcs.ic.ac.uk/user/osella/static/lab/jlab_core.9ae09eead5139c587af4.js?v=9ae09eead5139c587af4:0
[32007430ms] [ERROR] WebSocket connection to 'wss://jupyter.cx3.rcs.ic.ac.uk/user/osella/api/events/subscribe' failed: Error during WebSocket handshake: Unexpected response code: 302 @ https://jupyter.cx3.rcs.ic.ac.uk/user/osella/static/lab/jlab_core.9ae09eead5139c587af4.js?v=9ae09eead5139c587af4:0
[32010052ms] [ERROR] WebSocket connection to 'wss://jupyter.cx3.rcs.ic.ac.uk/user/osella/api/events/subscribe' failed: Error during WebSocket handshake: Unexpected response code: 302 @ https://jupyter.cx3.rcs.ic.ac.uk/user/osella/static/lab/jlab_core.9ae09eead5139c587af4.js?v=9ae09eead5139c587af4:0
[32016380ms] [ERROR] WebSocket connection to 'wss://jupyter.cx3.rcs.ic.ac.uk/user/osella/api/events/subscribe' failed: Error during WebSocket handshake: Unexpected response code: 302 @ https://jupyter.cx3.rcs.ic.ac.uk/user/osella/static/lab/jlab_core.9ae09eead5139c587af4.js?v=9ae09eead5139c587af4:0
[32019814ms] [ERROR] Failed to load resource: the server responded with a status of 424 (Failed Dependency) @ https://jupyter.cx3.rcs.ic.ac.uk/hub/user/osella/lab/api/workspaces?1784963475575:0
[32033846ms] [ERROR] WebSocket connection to 'wss://jupyter.cx3.rcs.ic.ac.uk/user/osella/api/events/subscribe' failed: Error during WebSocket handshake: Unexpected response code: 302 @ https://jupyter.cx3.rcs.ic.ac.uk/user/osella/static/lab/jlab_core.9ae09eead5139c587af4.js?v=9ae09eead5139c587af4:0
[32063928ms] [ERROR] WebSocket connection to 'wss://jupyter.cx3.rcs.ic.ac.uk/user/osella/api/events/subscribe' failed: Error during WebSocket handshake: Unexpected response code: 302 @ https://jupyter.cx3.rcs.ic.ac.uk/user/osella/static/lab/jlab_core.9ae09eead5139c587af4.js?v=9ae09eead5139c587af4:0
[32094015ms] [ERROR] WebSocket connection to 'wss://jupyter.cx3.rcs.ic.ac.uk/user/osella/api/events/subscribe' failed: Error during WebSocket handshake: Unexpected response code: 302 @ https://jupyter.cx3.rcs.ic.ac.uk/user/osella/static/lab/jlab_core.9ae09eead5139c587af4.js?v=9ae09eead5139c587af4:0
[32124096ms] [ERROR] WebSocket connection to 'wss://jupyter.cx3.rcs.ic.ac.uk/user/osella/api/events/subscribe' failed: Error during WebSocket handshake: Unexpected response code: 302 @ https://jupyter.cx3.rcs.ic.ac.uk/user/osella/static/lab/jlab_core.9ae09eead5139c587af4.js?v=9ae09eead5139c587af4:0
[32138807ms] [ERROR] WebSocket connection to 'wss://jupyter.cx3.rcs.ic.ac.uk/user/osella/api/events/subscribe' failed: Error during WebSocket handshake: Unexpected response code: 302 @ https://jupyter.cx3.rcs.ic.ac.uk/user/osella/static/lab/jlab_core.9ae09eead5139c587af4.js?v=9ae09eead5139c587af4:0
[32156409ms] [ERROR] WebSocket connection to 'wss://jupyter.cx3.rcs.ic.ac.uk/user/osella/api/events/subscribe' failed: Error during WebSocket handshake: Unexpected response code: 302 @ https://jupyter.cx3.rcs.ic.ac.uk/user/osella/static/lab/jlab_core.9ae09eead5139c587af4.js?v=9ae09eead5139c587af4:0
[32186484ms] [ERROR] WebSocket connection to 'wss://jupyter.cx3.rcs.ic.ac.uk/user/osella/api/events/subscribe' failed: Error during WebSocket handshake: Unexpected response code: 302 @ https://jupyter.cx3.rcs.ic.ac.uk/user/osella/static/lab/jlab_core.9ae09eead5139c587af4.js?v=9ae09eead5139c587af4:0
[32216562ms] [ERROR] WebSocket connection to 'wss://jupyter.cx3.rcs.ic.ac.uk/user/osella/api/events/subscribe' failed: Error during WebSocket handshake: Unexpected response code: 302 @ https://jupyter.cx3.rcs.ic.ac.uk/user/osella/static/lab/jlab_core.9ae09eead5139c587af4.js?v=9ae09eead5139c587af4:0
[32246677ms] [ERROR] WebSocket connection to 'wss://jupyter.cx3.rcs.ic.ac.uk/user/osella/api/events/subscribe' failed: Error during WebSocket handshake: Unexpected response code: 302 @ https://jupyter.cx3.rcs.ic.ac.uk/user/osella/static/lab/jlab_core.9ae09eead5139c587af4.js?v=9ae09eead5139c587af4:0
[32266812ms] [ERROR] WebSocket connection to 'wss://jupyter.cx3.rcs.ic.ac.uk/user/osella/api/events/subscribe' failed: Error during WebSocket handshake: Unexpected response code: 302 @ https://jupyter.cx3.rcs.ic.ac.uk/user/osella/static/lab/jlab_core.9ae09eead5139c587af4.js?v=9ae09eead5139c587af4:0
[32270130ms] [ERROR] WebSocket connection to 'wss://jupyter.cx3.rcs.ic.ac.uk/user/osella/api/events/subscribe' failed: Error during WebSocket handshake: Unexpected response code: 302 @ https://jupyter.cx3.rcs.ic.ac.uk/user/osella/static/lab/jlab_core.9ae09eead5139c587af4.js?v=9ae09eead5139c587af4:0
[32272367ms] [ERROR] WebSocket connection to 'wss://jupyter.cx3.rcs.ic.ac.uk/user/osella/api/events/subscribe' failed: Error during WebSocket handshake: Unexpected response code: 302 @ https://jupyter.cx3.rcs.ic.ac.uk/user/osella/static/lab/jlab_core.9ae09eead5139c587af4.js?v=9ae09eead5139c587af4:0
[32278182ms] [ERROR] WebSocket connection to 'wss://jupyter.cx3.rcs.ic.ac.uk/user/osella/api/events/subscribe' failed: Error during WebSocket handshake: Unexpected response code: 302 @ https://jupyter.cx3.rcs.ic.ac.uk/user/osella/static/lab/jlab_core.9ae09eead5139c587af4.js?v=9ae09eead5139c587af4:0
[32290676ms] [ERROR] WebSocket connection to 'wss://jupyter.cx3.rcs.ic.ac.uk/user/osella/api/events/subscribe' failed: Error during WebSocket handshake: Unexpected response code: 302 @ https://jupyter.cx3.rcs.ic.ac.uk/user/osella/static/lab/jlab_core.9ae09eead5139c587af4.js?v=9ae09eead5139c587af4:0
[32306531ms] [ERROR] WebSocket connection to 'wss://jupyter.cx3.rcs.ic.ac.uk/user/osella/api/events/subscribe' failed: Error during WebSocket handshake: Unexpected response code: 302 @ https://jupyter.cx3.rcs.ic.ac.uk/user/osella/static/lab/jlab_core.9ae09eead5139c587af4.js?v=9ae09eead5139c587af4:0
[32319977ms] [ERROR] Failed to load resource: the server responded with a status of 424 (Failed Dependency) @ https://jupyter.cx3.rcs.ic.ac.uk/hub/user/osella/lab/api/workspaces?1784963775712:0
[32336708ms] [ERROR] WebSocket connection to 'wss://jupyter.cx3.rcs.ic.ac.uk/user/osella/api/events/subscribe' failed: Error during WebSocket handshake: Unexpected response code: 302 @ https://jupyter.cx3.rcs.ic.ac.uk/user/osella/static/lab/jlab_core.9ae09eead5139c587af4.js?v=9ae09eead5139c587af4:0
[32366857ms] [ERROR] WebSocket connection to 'wss://jupyter.cx3.rcs.ic.ac.uk/user/osella/api/events/subscribe' failed: Error during WebSocket handshake: Unexpected response code: 302 @ https://jupyter.cx3.rcs.ic.ac.uk/user/osella/static/lab/jlab_core.9ae09eead5139c587af4.js?v=9ae09eead5139c587af4:0
[32396928ms] [ERROR] WebSocket connection to 'wss://jupyter.cx3.rcs.ic.ac.uk/user/osella/api/events/subscribe' failed: Error during WebSocket handshake: Unexpected response code: 302 @ https://jupyter.cx3.rcs.ic.ac.uk/user/osella/static/lab/jlab_core.9ae09eead5139c587af4.js?v=9ae09eead5139c587af4:0
[32426999ms] [ERROR] WebSocket connection to 'wss://jupyter.cx3.rcs.ic.ac.uk/user/osella/api/events/subscribe' failed: Error during WebSocket handshake: Unexpected response code: 302 @ https://jupyter.cx3.rcs.ic.ac.uk/user/osella/static/lab/jlab_core.9ae09eead5139c587af4.js?v=9ae09eead5139c587af4:0
[32457074ms] [ERROR] WebSocket connection to 'wss://jupyter.cx3.rcs.ic.ac.uk/user/osella/api/events/subscribe' failed: Error during WebSocket handshake: Unexpected response code: 302 @ https://jupyter.cx3.rcs.ic.ac.uk/user/osella/static/lab/jlab_core.9ae09eead5139c587af4.js?v=9ae09eead5139c587af4:0
[32487155ms] [ERROR] WebSocket connection to 'wss://jupyter.cx3.rcs.ic.ac.uk/user/osella/api/events/subscribe' failed: Error during WebSocket handshake: Unexpected response code: 302 @ https://jupyter.cx3.rcs.ic.ac.uk/user/osella/static/lab/jlab_core.9ae09eead5139c587af4.js?v=9ae09eead5139c587af4:0
[32517231ms] [ERROR] WebSocket connection to 'wss://jupyter.cx3.rcs.ic.ac.uk/user/osella/api/events/subscribe' failed: Error during WebSocket handshake: Unexpected response code: 302 @ https://jupyter.cx3.rcs.ic.ac.uk/user/osella/static/lab/jlab_core.9ae09eead5139c587af4.js?v=9ae09eead5139c587af4:0
[32525481ms] [ERROR] WebSocket connection to 'wss://jupyter.cx3.rcs.ic.ac.uk/user/osella/api/events/subscribe' failed: Error during WebSocket handshake: Unexpected response code: 302 @ https://jupyter.cx3.rcs.ic.ac.uk/user/osella/static/lab/jlab_core.9ae09eead5139c587af4.js?v=9ae09eead5139c587af4:0
[32547070ms] [ERROR] WebSocket connection to 'wss://jupyter.cx3.rcs.ic.ac.uk/user/osella/api/events/subscribe' failed: Error during WebSocket handshake: Unexpected response code: 302 @ https://jupyter.cx3.rcs.ic.ac.uk/user/osella/static/lab/jlab_core.9ae09eead5139c587af4.js?v=9ae09eead5139c587af4:0
[32577156ms] [ERROR] WebSocket connection to 'wss://jupyter.cx3.rcs.ic.ac.uk/user/osella/api/events/subscribe' failed: Error during WebSocket handshake: Unexpected response code: 302 @ https://jupyter.cx3.rcs.ic.ac.uk/user/osella/static/lab/jlab_core.9ae09eead5139c587af4.js?v=9ae09eead5139c587af4:0
[32587937ms] [ERROR] WebSocket connection to 'wss://jupyter.cx3.rcs.ic.ac.uk/user/osella/api/events/subscribe' failed: Error during WebSocket handshake: Unexpected response code: 302 @ https://jupyter.cx3.rcs.ic.ac.uk/user/osella/static/lab/jlab_core.9ae09eead5139c587af4.js?v=9ae09eead5139c587af4:0
[32596342ms] [ERROR] WebSocket connection to 'wss://jupyter.cx3.rcs.ic.ac.uk/user/osella/api/events/subscribe' failed: Error during WebSocket handshake: Unexpected response code: 302 @ https://jupyter.cx3.rcs.ic.ac.uk/user/osella/static/lab/jlab_core.9ae09eead5139c587af4.js?v=9ae09eead5139c587af4:0
[32605304ms] [ERROR] WebSocket connection to 'wss://jupyter.cx3.rcs.ic.ac.uk/user/osella/api/events/subscribe' failed: Error during WebSocket handshake: Unexpected response code: 302 @ https://jupyter.cx3.rcs.ic.ac.uk/user/osella/static/lab/jlab_core.9ae09eead5139c587af4.js?v=9ae09eead5139c587af4:0
[32620125ms] [ERROR] Failed to load resource: the server responded with a status of 424 (Failed Dependency) @ https://jupyter.cx3.rcs.ic.ac.uk/hub/user/osella/lab/api/workspaces?1784964075869:0
[32622611ms] [ERROR] WebSocket connection to 'wss://jupyter.cx3.rcs.ic.ac.uk/user/osella/api/events/subscribe' failed: Error during WebSocket handshake: Unexpected response code: 302 @ https://jupyter.cx3.rcs.ic.ac.uk/user/osella/static/lab/jlab_core.9ae09eead5139c587af4.js?v=9ae09eead5139c587af4:0
[32652673ms] [ERROR] WebSocket connection to 'wss://jupyter.cx3.rcs.ic.ac.uk/user/osella/api/events/subscribe' failed: Error during WebSocket handshake: Unexpected response code: 302 @ https://jupyter.cx3.rcs.ic.ac.uk/user/osella/static/lab/jlab_core.9ae09eead5139c587af4.js?v=9ae09eead5139c587af4:0
[32682749ms] [ERROR] WebSocket connection to 'wss://jupyter.cx3.rcs.ic.ac.uk/user/osella/api/events/subscribe' failed: Error during WebSocket handshake: Unexpected response code: 302 @ https://jupyter.cx3.rcs.ic.ac.uk/user/osella/static/lab/jlab_core.9ae09eead5139c587af4.js?v=9ae09eead5139c587af4:0
[32685565ms] [ERROR] WebSocket connection to 'wss://jupyter.cx3.rcs.ic.ac.uk/user/osella/api/events/subscribe' failed: Error during WebSocket handshake: Unexpected response code: 302 @ https://jupyter.cx3.rcs.ic.ac.uk/user/osella/static/lab/jlab_core.9ae09eead5139c587af4.js?v=9ae09eead5139c587af4:0
[32691377ms] [ERROR] WebSocket connection to 'wss://jupyter.cx3.rcs.ic.ac.uk/user/osella/api/events/subscribe' failed: Error during WebSocket handshake: Unexpected response code: 302 @ https://jupyter.cx3.rcs.ic.ac.uk/user/osella/static/lab/jlab_core.9ae09eead5139c587af4.js?v=9ae09eead5139c587af4:0
[32708406ms] [ERROR] WebSocket connection to 'wss://jupyter.cx3.rcs.ic.ac.uk/user/osella/api/events/subscribe' failed: Error during WebSocket handshake: Unexpected response code: 302 @ https://jupyter.cx3.rcs.ic.ac.uk/user/osella/static/lab/jlab_core.9ae09eead5139c587af4.js?v=9ae09eead5139c587af4:0
[32717409ms] [ERROR] Failed to load resource: the server responded with a status of 424 (Failed Dependency) @ https://jupyter.cx3.rcs.ic.ac.uk/hub/user/osella/lab/api/workspaces?1784964173144:0
[32738509ms] [ERROR] WebSocket connection to 'wss://jupyter.cx3.rcs.ic.ac.uk/user/osella/api/events/subscribe' failed: Error during WebSocket handshake: Unexpected response code: 302 @ https://jupyter.cx3.rcs.ic.ac.uk/user/osella/static/lab/jlab_core.9ae09eead5139c587af4.js?v=9ae09eead5139c587af4:0
[32768622ms] [ERROR] WebSocket connection to 'wss://jupyter.cx3.rcs.ic.ac.uk/user/osella/api/events/subscribe' failed: Error during WebSocket handshake: Unexpected response code: 302 @ https://jupyter.cx3.rcs.ic.ac.uk/user/osella/static/lab/jlab_core.9ae09eead5139c587af4.js?v=9ae09eead5139c587af4:0
[32786169ms] [ERROR] WebSocket connection to 'wss://jupyter.cx3.rcs.ic.ac.uk/user/osella/api/events/subscribe' failed: Error during WebSocket handshake: Unexpected response code: 302 @ https://jupyter.cx3.rcs.ic.ac.uk/user/osella/static/lab/jlab_core.9ae09eead5139c587af4.js?v=9ae09eead5139c587af4:0
[32789651ms] [ERROR] WebSocket connection to 'wss://jupyter.cx3.rcs.ic.ac.uk/user/osella/api/events/subscribe' failed: Error during WebSocket handshake: Unexpected response code: 302 @ https://jupyter.cx3.rcs.ic.ac.uk/user/osella/static/lab/jlab_core.9ae09eead5139c587af4.js?v=9ae09eead5139c587af4:0
[32793690ms] [ERROR] WebSocket connection to 'wss://jupyter.cx3.rcs.ic.ac.uk/user/osella/api/events/subscribe' failed: Error during WebSocket handshake: Unexpected response code: 302 @ https://jupyter.cx3.rcs.ic.ac.uk/user/osella/static/lab/jlab_core.9ae09eead5139c587af4.js?v=9ae09eead5139c587af4:0
[32800359ms] [ERROR] WebSocket connection to 'wss://jupyter.cx3.rcs.ic.ac.uk/user/osella/api/events/subscribe' failed: Error during WebSocket handshake: Unexpected response code: 302 @ https://jupyter.cx3.rcs.ic.ac.uk/user/osella/static/lab/jlab_core.9ae09eead5139c587af4.js?v=9ae09eead5139c587af4:0
[32804863ms] [ERROR] WebSocket connection to 'wss://jupyter.cx3.rcs.ic.ac.uk/user/osella/api/events/subscribe' failed: Error during WebSocket handshake: Unexpected response code: 302 @ https://jupyter.cx3.rcs.ic.ac.uk/user/osella/static/lab/jlab_core.9ae09eead5139c587af4.js?v=9ae09eead5139c587af4:0
[32809657ms] [ERROR] WebSocket connection to 'wss://jupyter.cx3.rcs.ic.ac.uk/user/osella/api/events/subscribe' failed: Error during WebSocket handshake: Unexpected response code: 302 @ https://jupyter.cx3.rcs.ic.ac.uk/user/osella/static/lab/jlab_core.9ae09eead5139c587af4.js?v=9ae09eead5139c587af4:0
[32819026ms] [ERROR] WebSocket connection to 'wss://jupyter.cx3.rcs.ic.ac.uk/user/osella/api/events/subscribe' failed: Error during WebSocket handshake: Unexpected response code: 302 @ https://jupyter.cx3.rcs.ic.ac.uk/user/osella/static/lab/jlab_core.9ae09eead5139c587af4.js?v=9ae09eead5139c587af4:0
[32820820ms] [ERROR] WebSocket connection to 'wss://jupyter.cx3.rcs.ic.ac.uk/user/osella/api/events/subscribe' failed: Error during WebSocket handshake: Unexpected response code: 302 @ https://jupyter.cx3.rcs.ic.ac.uk/user/osella/static/lab/jlab_core.9ae09eead5139c587af4.js?v=9ae09eead5139c587af4:0
[32823536ms] [ERROR] WebSocket connection to 'wss://jupyter.cx3.rcs.ic.ac.uk/user/osella/api/events/subscribe' failed: Error during WebSocket handshake: Unexpected response code: 302 @ https://jupyter.cx3.rcs.ic.ac.uk/user/osella/static/lab/jlab_core.9ae09eead5139c587af4.js?v=9ae09eead5139c587af4:0
[32826162ms] [ERROR] WebSocket connection to 'wss://jupyter.cx3.rcs.ic.ac.uk/user/osella/api/events/subscribe' failed: Error during WebSocket handshake: Unexpected response code: 302 @ https://jupyter.cx3.rcs.ic.ac.uk/user/osella/static/lab/jlab_core.9ae09eead5139c587af4.js?v=9ae09eead5139c587af4:0
[32833040ms] [ERROR] WebSocket connection to 'wss://jupyter.cx3.rcs.ic.ac.uk/user/osella/api/events/subscribe' failed: Error during WebSocket handshake: Unexpected response code: 302 @ https://jupyter.cx3.rcs.ic.ac.uk/user/osella/static/lab/jlab_core.9ae09eead5139c587af4.js?v=9ae09eead5139c587af4:0
[32838938ms] [ERROR] WebSocket connection to 'wss://jupyter.cx3.rcs.ic.ac.uk/user/osella/api/events/subscribe' failed: Error during WebSocket handshake: Unexpected response code: 302 @ https://jupyter.cx3.rcs.ic.ac.uk/user/osella/static/lab/jlab_core.9ae09eead5139c587af4.js?v=9ae09eead5139c587af4:0
[32848959ms] [ERROR] WebSocket connection to 'wss://jupyter.cx3.rcs.ic.ac.uk/user/osella/api/events/subscribe' failed: Error during WebSocket handshake: Unexpected response code: 302 @ https://jupyter.cx3.rcs.ic.ac.uk/user/osella/static/lab/jlab_core.9ae09eead5139c587af4.js?v=9ae09eead5139c587af4:0
[32859870ms] [ERROR] WebSocket connection to 'wss://jupyter.cx3.rcs.ic.ac.uk/user/osella/api/events/subscribe' failed: Error during WebSocket handshake: Unexpected response code: 302 @ https://jupyter.cx3.rcs.ic.ac.uk/user/osella/static/lab/jlab_core.9ae09eead5139c587af4.js?v=9ae09eead5139c587af4:0
[32875036ms] [ERROR] WebSocket connection to 'wss://jupyter.cx3.rcs.ic.ac.uk/user/osella/api/events/subscribe' failed: Error during WebSocket handshake: Unexpected response code: 302 @ https://jupyter.cx3.rcs.ic.ac.uk/user/osella/static/lab/jlab_core.9ae09eead5139c587af4.js?v=9ae09eead5139c587af4:0
[32888986ms] [ERROR] WebSocket connection to 'wss://jupyter.cx3.rcs.ic.ac.uk/user/osella/api/events/subscribe' failed: Error during WebSocket handshake: Unexpected response code: 302 @ https://jupyter.cx3.rcs.ic.ac.uk/user/osella/static/lab/jlab_core.9ae09eead5139c587af4.js?v=9ae09eead5139c587af4:0
[32915189ms] [ERROR] WebSocket connection to 'wss://jupyter.cx3.rcs.ic.ac.uk/user/osella/api/events/subscribe' failed: Error during WebSocket handshake: Unexpected response code: 302 @ https://jupyter.cx3.rcs.ic.ac.uk/user/osella/static/lab/jlab_core.9ae09eead5139c587af4.js?v=9ae09eead5139c587af4:0
[32935223ms] [ERROR] Failed to load resource: the server responded with a status of 424 (Failed Dependency) @ https://jupyter.cx3.rcs.ic.ac.uk/hub/user/osella/lab/api/workspaces?1784964390961:0
[32945261ms] [ERROR] WebSocket connection to 'wss://jupyter.cx3.rcs.ic.ac.uk/user/osella/api/events/subscribe' failed: Error during WebSocket handshake: Unexpected response code: 302 @ https://jupyter.cx3.rcs.ic.ac.uk/user/osella/static/lab/jlab_core.9ae09eead5139c587af4.js?v=9ae09eead5139c587af4:0
[32975357ms] [ERROR] WebSocket connection to 'wss://jupyter.cx3.rcs.ic.ac.uk/user/osella/api/events/subscribe' failed: Error during WebSocket handshake: Unexpected response code: 302 @ https://jupyter.cx3.rcs.ic.ac.uk/user/osella/static/lab/jlab_core.9ae09eead5139c587af4.js?v=9ae09eead5139c587af4:0
[32993656ms] [ERROR] WebSocket connection to 'wss://jupyter.cx3.rcs.ic.ac.uk/user/osella/api/events/subscribe' failed: Error during WebSocket handshake: Unexpected response code: 302 @ https://jupyter.cx3.rcs.ic.ac.uk/user/osella/static/lab/jlab_core.9ae09eead5139c587af4.js?v=9ae09eead5139c587af4:0
[33006793ms] [ERROR] WebSocket connection to 'wss://jupyter.cx3.rcs.ic.ac.uk/user/osella/api/events/subscribe' failed: Error during WebSocket handshake: Unexpected response code: 302 @ https://jupyter.cx3.rcs.ic.ac.uk/user/osella/static/lab/jlab_core.9ae09eead5139c587af4.js?v=9ae09eead5139c587af4:0
[33026069ms] [ERROR] WebSocket connection to 'wss://jupyter.cx3.rcs.ic.ac.uk/user/osella/api/events/subscribe' failed: Error during WebSocket handshake: Unexpected response code: 302 @ https://jupyter.cx3.rcs.ic.ac.uk/user/osella/static/lab/jlab_core.9ae09eead5139c587af4.js?v=9ae09eead5139c587af4:0
[33033707ms] [ERROR] WebSocket connection to 'wss://jupyter.cx3.rcs.ic.ac.uk/user/osella/api/events/subscribe' failed: Error during WebSocket handshake: Unexpected response code: 302 @ https://jupyter.cx3.rcs.ic.ac.uk/user/osella/static/lab/jlab_core.9ae09eead5139c587af4.js?v=9ae09eead5139c587af4:0
[33054175ms] [ERROR] WebSocket connection to 'wss://jupyter.cx3.rcs.ic.ac.uk/user/osella/api/events/subscribe' failed: Error during WebSocket handshake: Unexpected response code: 302 @ https://jupyter.cx3.rcs.ic.ac.uk/user/osella/static/lab/jlab_core.9ae09eead5139c587af4.js?v=9ae09eead5139c587af4:0
[33084250ms] [ERROR] WebSocket connection to 'wss://jupyter.cx3.rcs.ic.ac.uk/user/osella/api/events/subscribe' failed: Error during WebSocket handshake: Unexpected response code: 302 @ https://jupyter.cx3.rcs.ic.ac.uk/user/osella/static/lab/jlab_core.9ae09eead5139c587af4.js?v=9ae09eead5139c587af4:0
[33114387ms] [ERROR] WebSocket connection to 'wss://jupyter.cx3.rcs.ic.ac.uk/user/osella/api/events/subscribe' failed: Error during WebSocket handshake: Unexpected response code: 302 @ https://jupyter.cx3.rcs.ic.ac.uk/user/osella/static/lab/jlab_core.9ae09eead5139c587af4.js?v=9ae09eead5139c587af4:0
[33144473ms] [ERROR] WebSocket connection to 'wss://jupyter.cx3.rcs.ic.ac.uk/user/osella/api/events/subscribe' failed: Error during WebSocket handshake: Unexpected response code: 302 @ https://jupyter.cx3.rcs.ic.ac.uk/user/osella/static/lab/jlab_core.9ae09eead5139c587af4.js?v=9ae09eead5139c587af4:0
[33174556ms] [ERROR] WebSocket connection to 'wss://jupyter.cx3.rcs.ic.ac.uk/user/osella/api/events/subscribe' failed: Error during WebSocket handshake: Unexpected response code: 302 @ https://jupyter.cx3.rcs.ic.ac.uk/user/osella/static/lab/jlab_core.9ae09eead5139c587af4.js?v=9ae09eead5139c587af4:0
[33204629ms] [ERROR] WebSocket connection to 'wss://jupyter.cx3.rcs.ic.ac.uk/user/osella/api/events/subscribe' failed: Error during WebSocket handshake: Unexpected response code: 302 @ https://jupyter.cx3.rcs.ic.ac.uk/user/osella/static/lab/jlab_core.9ae09eead5139c587af4.js?v=9ae09eead5139c587af4:0
[33234690ms] [ERROR] WebSocket connection to 'wss://jupyter.cx3.rcs.ic.ac.uk/user/osella/api/events/subscribe' failed: Error during WebSocket handshake: Unexpected response code: 302 @ https://jupyter.cx3.rcs.ic.ac.uk/user/osella/static/lab/jlab_core.9ae09eead5139c587af4.js?v=9ae09eead5139c587af4:0
[33235344ms] [ERROR] Failed to load resource: the server responded with a status of 424 (Failed Dependency) @ https://jupyter.cx3.rcs.ic.ac.uk/hub/user/osella/lab/api/workspaces?1784964691116:0
[33264758ms] [ERROR] WebSocket connection to 'wss://jupyter.cx3.rcs.ic.ac.uk/user/osella/api/events/subscribe' failed: Error during WebSocket handshake: Unexpected response code: 302 @ https://jupyter.cx3.rcs.ic.ac.uk/user/osella/static/lab/jlab_core.9ae09eead5139c587af4.js?v=9ae09eead5139c587af4:0
[33284131ms] [ERROR] WebSocket connection to 'wss://jupyter.cx3.rcs.ic.ac.uk/user/osella/api/events/subscribe' failed: Error during WebSocket handshake: Unexpected response code: 302 @ https://jupyter.cx3.rcs.ic.ac.uk/user/osella/static/lab/jlab_core.9ae09eead5139c587af4.js?v=9ae09eead5139c587af4:0
[33300266ms] [ERROR] WebSocket connection to 'wss://jupyter.cx3.rcs.ic.ac.uk/user/osella/api/events/subscribe' failed: Error during WebSocket handshake: Unexpected response code: 302 @ https://jupyter.cx3.rcs.ic.ac.uk/user/osella/static/lab/jlab_core.9ae09eead5139c587af4.js?v=9ae09eead5139c587af4:0
[33330329ms] [ERROR] WebSocket connection to 'wss://jupyter.cx3.rcs.ic.ac.uk/user/osella/api/events/subscribe' failed: Error during WebSocket handshake: Unexpected response code: 302 @ https://jupyter.cx3.rcs.ic.ac.uk/user/osella/static/lab/jlab_core.9ae09eead5139c587af4.js?v=9ae09eead5139c587af4:0
[33356828ms] [ERROR] WebSocket connection to 'wss://jupyter.cx3.rcs.ic.ac.uk/user/osella/api/events/subscribe' failed: Error during WebSocket handshake: Unexpected response code: 302 @ https://jupyter.cx3.rcs.ic.ac.uk/user/osella/static/lab/jlab_core.9ae09eead5139c587af4.js?v=9ae09eead5139c587af4:0
[33384267ms] [ERROR] WebSocket connection to 'wss://jupyter.cx3.rcs.ic.ac.uk/user/osella/api/events/subscribe' failed: Error during WebSocket handshake: Unexpected response code: 302 @ https://jupyter.cx3.rcs.ic.ac.uk/user/osella/static/lab/jlab_core.9ae09eead5139c587af4.js?v=9ae09eead5139c587af4:0
[33408681ms] [ERROR] WebSocket connection to 'wss://jupyter.cx3.rcs.ic.ac.uk/user/osella/api/events/subscribe' failed: Error during WebSocket handshake: Unexpected response code: 302 @ https://jupyter.cx3.rcs.ic.ac.uk/user/osella/static/lab/jlab_core.9ae09eead5139c587af4.js?v=9ae09eead5139c587af4:0
[33438359ms] [ERROR] WebSocket connection to 'wss://jupyter.cx3.rcs.ic.ac.uk/user/osella/api/events/subscribe' failed: Error during WebSocket handshake: Unexpected response code: 302 @ https://jupyter.cx3.rcs.ic.ac.uk/user/osella/static/lab/jlab_core.9ae09eead5139c587af4.js?v=9ae09eead5139c587af4:0
[33460872ms] [ERROR] WebSocket connection to 'wss://jupyter.cx3.rcs.ic.ac.uk/user/osella/api/events/subscribe' failed: Error during WebSocket handshake: Unexpected response code: 302 @ https://jupyter.cx3.rcs.ic.ac.uk/user/osella/static/lab/jlab_core.9ae09eead5139c587af4.js?v=9ae09eead5139c587af4:0
[33490944ms] [ERROR] WebSocket connection to 'wss://jupyter.cx3.rcs.ic.ac.uk/user/osella/api/events/subscribe' failed: Error during WebSocket handshake: Unexpected response code: 302 @ https://jupyter.cx3.rcs.ic.ac.uk/user/osella/static/lab/jlab_core.9ae09eead5139c587af4.js?v=9ae09eead5139c587af4:0
[33521014ms] [ERROR] WebSocket connection to 'wss://jupyter.cx3.rcs.ic.ac.uk/user/osella/api/events/subscribe' failed: Error during WebSocket handshake: Unexpected response code: 302 @ https://jupyter.cx3.rcs.ic.ac.uk/user/osella/static/lab/jlab_core.9ae09eead5139c587af4.js?v=9ae09eead5139c587af4:0
[33522662ms] [ERROR] Failed to load resource: the server responded with a status of 424 (Failed Dependency) @ https://jupyter.cx3.rcs.ic.ac.uk/hub/user/osella/lab/api/workspaces?1784964978429:0
[33544537ms] [ERROR] WebSocket connection to 'wss://jupyter.cx3.rcs.ic.ac.uk/user/osella/api/events/subscribe' failed: Error during WebSocket handshake: Unexpected response code: 302 @ https://jupyter.cx3.rcs.ic.ac.uk/user/osella/static/lab/jlab_core.9ae09eead5139c587af4.js?v=9ae09eead5139c587af4:0
[33550742ms] [ERROR] WebSocket connection to 'wss://jupyter.cx3.rcs.ic.ac.uk/user/osella/api/events/subscribe' failed: Error during WebSocket handshake: Unexpected response code: 302 @ https://jupyter.cx3.rcs.ic.ac.uk/user/osella/static/lab/jlab_core.9ae09eead5139c587af4.js?v=9ae09eead5139c587af4:0
[33554230ms] [ERROR] WebSocket connection to 'wss://jupyter.cx3.rcs.ic.ac.uk/user/osella/api/events/subscribe' failed: Error during WebSocket handshake: Unexpected response code: 302 @ https://jupyter.cx3.rcs.ic.ac.uk/user/osella/static/lab/jlab_core.9ae09eead5139c587af4.js?v=9ae09eead5139c587af4:0
[33556671ms] [ERROR] WebSocket connection to 'wss://jupyter.cx3.rcs.ic.ac.uk/user/osella/api/events/subscribe' failed: Error during WebSocket handshake: Unexpected response code: 302 @ https://jupyter.cx3.rcs.ic.ac.uk/user/osella/static/lab/jlab_core.9ae09eead5139c587af4.js?v=9ae09eead5139c587af4:0
[33558044ms] [ERROR] WebSocket connection to 'wss://jupyter.cx3.rcs.ic.ac.uk/user/osella/api/events/subscribe' failed: Error during WebSocket handshake: Unexpected response code: 302 @ https://jupyter.cx3.rcs.ic.ac.uk/user/osella/static/lab/jlab_core.9ae09eead5139c587af4.js?v=9ae09eead5139c587af4:0
[33560959ms] [ERROR] WebSocket connection to 'wss://jupyter.cx3.rcs.ic.ac.uk/user/osella/api/events/subscribe' failed: Error during WebSocket handshake: Unexpected response code: 302 @ https://jupyter.cx3.rcs.ic.ac.uk/user/osella/static/lab/jlab_core.9ae09eead5139c587af4.js?v=9ae09eead5139c587af4:0
[33566795ms] [ERROR] WebSocket connection to 'wss://jupyter.cx3.rcs.ic.ac.uk/user/osella/api/events/subscribe' failed: Error during WebSocket handshake: Unexpected response code: 302 @ https://jupyter.cx3.rcs.ic.ac.uk/user/osella/static/lab/jlab_core.9ae09eead5139c587af4.js?v=9ae09eead5139c587af4:0
[33579596ms] [ERROR] WebSocket connection to 'wss://jupyter.cx3.rcs.ic.ac.uk/user/osella/api/events/subscribe' failed: Error during WebSocket handshake: Unexpected response code: 302 @ https://jupyter.cx3.rcs.ic.ac.uk/user/osella/static/lab/jlab_core.9ae09eead5139c587af4.js?v=9ae09eead5139c587af4:0
[33590896ms] [ERROR] WebSocket connection to 'wss://jupyter.cx3.rcs.ic.ac.uk/user/osella/api/events/subscribe' failed: Error during WebSocket handshake: Unexpected response code: 302 @ https://jupyter.cx3.rcs.ic.ac.uk/user/osella/static/lab/jlab_core.9ae09eead5139c587af4.js?v=9ae09eead5139c587af4:0
[33609721ms] [ERROR] WebSocket connection to 'wss://jupyter.cx3.rcs.ic.ac.uk/user/osella/api/events/subscribe' failed: Error during WebSocket handshake: Unexpected response code: 302 @ https://jupyter.cx3.rcs.ic.ac.uk/user/osella/static/lab/jlab_core.9ae09eead5139c587af4.js?v=9ae09eead5139c587af4:0
[33639777ms] [ERROR] WebSocket connection to 'wss://jupyter.cx3.rcs.ic.ac.uk/user/osella/api/events/subscribe' failed: Error during WebSocket handshake: Unexpected response code: 302 @ https://jupyter.cx3.rcs.ic.ac.uk/user/osella/static/lab/jlab_core.9ae09eead5139c587af4.js?v=9ae09eead5139c587af4:0
[33658239ms] [ERROR] WebSocket connection to 'wss://jupyter.cx3.rcs.ic.ac.uk/user/osella/api/events/subscribe' failed: Error during WebSocket handshake: Unexpected response code: 302 @ https://jupyter.cx3.rcs.ic.ac.uk/user/osella/static/lab/jlab_core.9ae09eead5139c587af4.js?v=9ae09eead5139c587af4:0
[33683560ms] [ERROR] WebSocket connection to 'wss://jupyter.cx3.rcs.ic.ac.uk/user/osella/api/events/subscribe' failed: Error during WebSocket handshake: Unexpected response code: 302 @ https://jupyter.cx3.rcs.ic.ac.uk/user/osella/static/lab/jlab_core.9ae09eead5139c587af4.js?v=9ae09eead5139c587af4:0
[33713628ms] [ERROR] WebSocket connection to 'wss://jupyter.cx3.rcs.ic.ac.uk/user/osella/api/events/subscribe' failed: Error during WebSocket handshake: Unexpected response code: 302 @ https://jupyter.cx3.rcs.ic.ac.uk/user/osella/static/lab/jlab_core.9ae09eead5139c587af4.js?v=9ae09eead5139c587af4:0
[33726307ms] [ERROR] WebSocket connection to 'wss://jupyter.cx3.rcs.ic.ac.uk/user/osella/api/events/subscribe' failed: Error during WebSocket handshake: Unexpected response code: 302 @ https://jupyter.cx3.rcs.ic.ac.uk/user/osella/static/lab/jlab_core.9ae09eead5139c587af4.js?v=9ae09eead5139c587af4:0
[33754284ms] [ERROR] WebSocket connection to 'wss://jupyter.cx3.rcs.ic.ac.uk/user/osella/api/events/subscribe' failed: Error during WebSocket handshake: Unexpected response code: 302 @ https://jupyter.cx3.rcs.ic.ac.uk/user/osella/static/lab/jlab_core.9ae09eead5139c587af4.js?v=9ae09eead5139c587af4:0
[33779106ms] [ERROR] WebSocket connection to 'wss://jupyter.cx3.rcs.ic.ac.uk/user/osella/api/events/subscribe' failed: Error during WebSocket handshake: Unexpected response code: 302 @ https://jupyter.cx3.rcs.ic.ac.uk/user/osella/static/lab/jlab_core.9ae09eead5139c587af4.js?v=9ae09eead5139c587af4:0
[33809202ms] [ERROR] WebSocket connection to 'wss://jupyter.cx3.rcs.ic.ac.uk/user/osella/api/events/subscribe' failed: Error during WebSocket handshake: Unexpected response code: 302 @ https://jupyter.cx3.rcs.ic.ac.uk/user/osella/static/lab/jlab_core.9ae09eead5139c587af4.js?v=9ae09eead5139c587af4:0
[33822796ms] [ERROR] Failed to load resource: the server responded with a status of 424 (Failed Dependency) @ https://jupyter.cx3.rcs.ic.ac.uk/hub/user/osella/lab/api/workspaces?1784965278567:0
[33839276ms] [ERROR] WebSocket connection to 'wss://jupyter.cx3.rcs.ic.ac.uk/user/osella/api/events/subscribe' failed: Error during WebSocket handshake: Unexpected response code: 302 @ https://jupyter.cx3.rcs.ic.ac.uk/user/osella/static/lab/jlab_core.9ae09eead5139c587af4.js?v=9ae09eead5139c587af4:0
[33869348ms] [ERROR] WebSocket connection to 'wss://jupyter.cx3.rcs.ic.ac.uk/user/osella/api/events/subscribe' failed: Error during WebSocket handshake: Unexpected response code: 302 @ https://jupyter.cx3.rcs.ic.ac.uk/user/osella/static/lab/jlab_core.9ae09eead5139c587af4.js?v=9ae09eead5139c587af4:0
[33899420ms] [ERROR] WebSocket connection to 'wss://jupyter.cx3.rcs.ic.ac.uk/user/osella/api/events/subscribe' failed: Error during WebSocket handshake: Unexpected response code: 302 @ https://jupyter.cx3.rcs.ic.ac.uk/user/osella/static/lab/jlab_core.9ae09eead5139c587af4.js?v=9ae09eead5139c587af4:0
[33930137ms] [ERROR] WebSocket connection to 'wss://jupyter.cx3.rcs.ic.ac.uk/user/osella/api/events/subscribe' failed: Error during WebSocket handshake: Unexpected response code: 302 @ https://jupyter.cx3.rcs.ic.ac.uk/user/osella/static/lab/jlab_core.9ae09eead5139c587af4.js?v=9ae09eead5139c587af4:0
[33932540ms] [ERROR] WebSocket connection to 'wss://jupyter.cx3.rcs.ic.ac.uk/user/osella/api/events/subscribe' failed: Error during WebSocket handshake: Unexpected response code: 302 @ https://jupyter.cx3.rcs.ic.ac.uk/user/osella/static/lab/jlab_core.9ae09eead5139c587af4.js?v=9ae09eead5139c587af4:0
[33935547ms] [ERROR] WebSocket connection to 'wss://jupyter.cx3.rcs.ic.ac.uk/user/osella/api/events/subscribe' failed: Error during WebSocket handshake: Unexpected response code: 302 @ https://jupyter.cx3.rcs.ic.ac.uk/user/osella/static/lab/jlab_core.9ae09eead5139c587af4.js?v=9ae09eead5139c587af4:0
[33940868ms] [ERROR] WebSocket connection to 'wss://jupyter.cx3.rcs.ic.ac.uk/user/osella/api/events/subscribe' failed: Error during WebSocket handshake: Unexpected response code: 302 @ https://jupyter.cx3.rcs.ic.ac.uk/user/osella/static/lab/jlab_core.9ae09eead5139c587af4.js?v=9ae09eead5139c587af4:0
[33950888ms] [ERROR] WebSocket connection to 'wss://jupyter.cx3.rcs.ic.ac.uk/user/osella/api/events/subscribe' failed: Error during WebSocket handshake: Unexpected response code: 302 @ https://jupyter.cx3.rcs.ic.ac.uk/user/osella/static/lab/jlab_core.9ae09eead5139c587af4.js?v=9ae09eead5139c587af4:0
[33958127ms] [ERROR] WebSocket connection to 'wss://jupyter.cx3.rcs.ic.ac.uk/user/osella/api/events/subscribe' failed: Error during WebSocket handshake: Unexpected response code: 302 @ https://jupyter.cx3.rcs.ic.ac.uk/user/osella/static/lab/jlab_core.9ae09eead5139c587af4.js?v=9ae09eead5139c587af4:0
[33963067ms] [ERROR] WebSocket connection to 'wss://jupyter.cx3.rcs.ic.ac.uk/user/osella/api/events/subscribe' failed: Error during WebSocket handshake: Unexpected response code: 302 @ https://jupyter.cx3.rcs.ic.ac.uk/user/osella/static/lab/jlab_core.9ae09eead5139c587af4.js?v=9ae09eead5139c587af4:0
[33976577ms] [ERROR] WebSocket connection to 'wss://jupyter.cx3.rcs.ic.ac.uk/user/osella/api/events/subscribe' failed: Error during WebSocket handshake: Unexpected response code: 302 @ https://jupyter.cx3.rcs.ic.ac.uk/user/osella/static/lab/jlab_core.9ae09eead5139c587af4.js?v=9ae09eead5139c587af4:0
[34006660ms] [ERROR] WebSocket connection to 'wss://jupyter.cx3.rcs.ic.ac.uk/user/osella/api/events/subscribe' failed: Error during WebSocket handshake: Unexpected response code: 302 @ https://jupyter.cx3.rcs.ic.ac.uk/user/osella/static/lab/jlab_core.9ae09eead5139c587af4.js?v=9ae09eead5139c587af4:0
[34036753ms] [ERROR] WebSocket connection to 'wss://jupyter.cx3.rcs.ic.ac.uk/user/osella/api/events/subscribe' failed: Error during WebSocket handshake: Unexpected response code: 302 @ https://jupyter.cx3.rcs.ic.ac.uk/user/osella/static/lab/jlab_core.9ae09eead5139c587af4.js?v=9ae09eead5139c587af4:0
[34066836ms] [ERROR] WebSocket connection to 'wss://jupyter.cx3.rcs.ic.ac.uk/user/osella/api/events/subscribe' failed: Error during WebSocket handshake: Unexpected response code: 302 @ https://jupyter.cx3.rcs.ic.ac.uk/user/osella/static/lab/jlab_core.9ae09eead5139c587af4.js?v=9ae09eead5139c587af4:0
[34087085ms] [ERROR] WebSocket connection to 'wss://jupyter.cx3.rcs.ic.ac.uk/user/osella/api/events/subscribe' failed: Error during WebSocket handshake: Unexpected response code: 302 @ https://jupyter.cx3.rcs.ic.ac.uk/user/osella/static/lab/jlab_core.9ae09eead5139c587af4.js?v=9ae09eead5139c587af4:0
[34104725ms] [ERROR] WebSocket connection to 'wss://jupyter.cx3.rcs.ic.ac.uk/user/osella/api/events/subscribe' failed: Error during WebSocket handshake: Unexpected response code: 302 @ https://jupyter.cx3.rcs.ic.ac.uk/user/osella/static/lab/jlab_core.9ae09eead5139c587af4.js?v=9ae09eead5139c587af4:0
[34122933ms] [ERROR] Failed to load resource: the server responded with a status of 424 (Failed Dependency) @ https://jupyter.cx3.rcs.ic.ac.uk/hub/user/osella/lab/api/workspaces?1784965578698:0
[34133913ms] [ERROR] WebSocket connection to 'wss://jupyter.cx3.rcs.ic.ac.uk/user/osella/api/events/subscribe' failed: Error during WebSocket handshake: Unexpected response code: 302 @ https://jupyter.cx3.rcs.ic.ac.uk/user/osella/static/lab/jlab_core.9ae09eead5139c587af4.js?v=9ae09eead5139c587af4:0
[34163995ms] [ERROR] WebSocket connection to 'wss://jupyter.cx3.rcs.ic.ac.uk/user/osella/api/events/subscribe' failed: Error during WebSocket handshake: Unexpected response code: 302 @ https://jupyter.cx3.rcs.ic.ac.uk/user/osella/static/lab/jlab_core.9ae09eead5139c587af4.js?v=9ae09eead5139c587af4:0
[34194089ms] [ERROR] WebSocket connection to 'wss://jupyter.cx3.rcs.ic.ac.uk/user/osella/api/events/subscribe' failed: Error during WebSocket handshake: Unexpected response code: 302 @ https://jupyter.cx3.rcs.ic.ac.uk/user/osella/static/lab/jlab_core.9ae09eead5139c587af4.js?v=9ae09eead5139c587af4:0
[34224152ms] [ERROR] WebSocket connection to 'wss://jupyter.cx3.rcs.ic.ac.uk/user/osella/api/events/subscribe' failed: Error during WebSocket handshake: Unexpected response code: 302 @ https://jupyter.cx3.rcs.ic.ac.uk/user/osella/static/lab/jlab_core.9ae09eead5139c587af4.js?v=9ae09eead5139c587af4:0
[34254219ms] [ERROR] WebSocket connection to 'wss://jupyter.cx3.rcs.ic.ac.uk/user/osella/api/events/subscribe' failed: Error during WebSocket handshake: Unexpected response code: 302 @ https://jupyter.cx3.rcs.ic.ac.uk/user/osella/static/lab/jlab_core.9ae09eead5139c587af4.js?v=9ae09eead5139c587af4:0
[34267087ms] [ERROR] WebSocket connection to 'wss://jupyter.cx3.rcs.ic.ac.uk/user/osella/api/events/subscribe' failed: Error during WebSocket handshake: Unexpected response code: 302 @ https://jupyter.cx3.rcs.ic.ac.uk/user/osella/static/lab/jlab_core.9ae09eead5139c587af4.js?v=9ae09eead5139c587af4:0
[34285431ms] [ERROR] WebSocket connection to 'wss://jupyter.cx3.rcs.ic.ac.uk/user/osella/api/events/subscribe' failed: Error during WebSocket handshake: Unexpected response code: 302 @ https://jupyter.cx3.rcs.ic.ac.uk/user/osella/static/lab/jlab_core.9ae09eead5139c587af4.js?v=9ae09eead5139c587af4:0
[34300594ms] [ERROR] WebSocket connection to 'wss://jupyter.cx3.rcs.ic.ac.uk/user/osella/api/events/subscribe' failed: Error during WebSocket handshake: Unexpected response code: 302 @ https://jupyter.cx3.rcs.ic.ac.uk/user/osella/static/lab/jlab_core.9ae09eead5139c587af4.js?v=9ae09eead5139c587af4:0
[34330678ms] [ERROR] WebSocket connection to 'wss://jupyter.cx3.rcs.ic.ac.uk/user/osella/api/events/subscribe' failed: Error during WebSocket handshake: Unexpected response code: 302 @ https://jupyter.cx3.rcs.ic.ac.uk/user/osella/static/lab/jlab_core.9ae09eead5139c587af4.js?v=9ae09eead5139c587af4:0
[34360750ms] [ERROR] WebSocket connection to 'wss://jupyter.cx3.rcs.ic.ac.uk/user/osella/api/events/subscribe' failed: Error during WebSocket handshake: Unexpected response code: 302 @ https://jupyter.cx3.rcs.ic.ac.uk/user/osella/static/lab/jlab_core.9ae09eead5139c587af4.js?v=9ae09eead5139c587af4:0
[34390811ms] [ERROR] WebSocket connection to 'wss://jupyter.cx3.rcs.ic.ac.uk/user/osella/api/events/subscribe' failed: Error during WebSocket handshake: Unexpected response code: 302 @ https://jupyter.cx3.rcs.ic.ac.uk/user/osella/static/lab/jlab_core.9ae09eead5139c587af4.js?v=9ae09eead5139c587af4:0
[34420886ms] [ERROR] WebSocket connection to 'wss://jupyter.cx3.rcs.ic.ac.uk/user/osella/api/events/subscribe' failed: Error during WebSocket handshake: Unexpected response code: 302 @ https://jupyter.cx3.rcs.ic.ac.uk/user/osella/static/lab/jlab_core.9ae09eead5139c587af4.js?v=9ae09eead5139c587af4:0
[34423154ms] [ERROR] Failed to load resource: the server responded with a status of 424 (Failed Dependency) @ https://jupyter.cx3.rcs.ic.ac.uk/hub/user/osella/lab/api/workspaces?1784965878826:0
[34450967ms] [ERROR] WebSocket connection to 'wss://jupyter.cx3.rcs.ic.ac.uk/user/osella/api/events/subscribe' failed: Error during WebSocket handshake: Unexpected response code: 302 @ https://jupyter.cx3.rcs.ic.ac.uk/user/osella/static/lab/jlab_core.9ae09eead5139c587af4.js?v=9ae09eead5139c587af4:0
[34463680ms] [ERROR] WebSocket connection to 'wss://jupyter.cx3.rcs.ic.ac.uk/user/osella/api/events/subscribe' failed: Error during WebSocket handshake: Unexpected response code: 302 @ https://jupyter.cx3.rcs.ic.ac.uk/user/osella/static/lab/jlab_core.9ae09eead5139c587af4.js?v=9ae09eead5139c587af4:0
[34479472ms] [ERROR] WebSocket connection to 'wss://jupyter.cx3.rcs.ic.ac.uk/user/osella/api/events/subscribe' failed: Error during WebSocket handshake: Unexpected response code: 302 @ https://jupyter.cx3.rcs.ic.ac.uk/user/osella/static/lab/jlab_core.9ae09eead5139c587af4.js?v=9ae09eead5139c587af4:0
[34509549ms] [ERROR] WebSocket connection to 'wss://jupyter.cx3.rcs.ic.ac.uk/user/osella/api/events/subscribe' failed: Error during WebSocket handshake: Unexpected response code: 302 @ https://jupyter.cx3.rcs.ic.ac.uk/user/osella/static/lab/jlab_core.9ae09eead5139c587af4.js?v=9ae09eead5139c587af4:0
[34539627ms] [ERROR] WebSocket connection to 'wss://jupyter.cx3.rcs.ic.ac.uk/user/osella/api/events/subscribe' failed: Error during WebSocket handshake: Unexpected response code: 302 @ https://jupyter.cx3.rcs.ic.ac.uk/user/osella/static/lab/jlab_core.9ae09eead5139c587af4.js?v=9ae09eead5139c587af4:0
[34546746ms] [ERROR] WebSocket connection to 'wss://jupyter.cx3.rcs.ic.ac.uk/user/osella/api/events/subscribe' failed: Error during WebSocket handshake: Unexpected response code: 302 @ https://jupyter.cx3.rcs.ic.ac.uk/user/osella/static/lab/jlab_core.9ae09eead5139c587af4.js?v=9ae09eead5139c587af4:0
[34560986ms] [ERROR] WebSocket connection to 'wss://jupyter.cx3.rcs.ic.ac.uk/user/osella/api/events/subscribe' failed: Error during WebSocket handshake: Unexpected response code: 302 @ https://jupyter.cx3.rcs.ic.ac.uk/user/osella/static/lab/jlab_core.9ae09eead5139c587af4.js?v=9ae09eead5139c587af4:0
[34574603ms] [ERROR] WebSocket connection to 'wss://jupyter.cx3.rcs.ic.ac.uk/user/osella/api/events/subscribe' failed: Error during WebSocket handshake: Unexpected response code: 302 @ https://jupyter.cx3.rcs.ic.ac.uk/user/osella/static/lab/jlab_core.9ae09eead5139c587af4.js?v=9ae09eead5139c587af4:0
[34600422ms] [ERROR] WebSocket connection to 'wss://jupyter.cx3.rcs.ic.ac.uk/user/osella/api/events/subscribe' failed: Error during WebSocket handshake: Unexpected response code: 302 @ https://jupyter.cx3.rcs.ic.ac.uk/user/osella/static/lab/jlab_core.9ae09eead5139c587af4.js?v=9ae09eead5139c587af4:0
[34630491ms] [ERROR] WebSocket connection to 'wss://jupyter.cx3.rcs.ic.ac.uk/user/osella/api/events/subscribe' failed: Error during WebSocket handshake: Unexpected response code: 302 @ https://jupyter.cx3.rcs.ic.ac.uk/user/osella/static/lab/jlab_core.9ae09eead5139c587af4.js?v=9ae09eead5139c587af4:0
[34660557ms] [ERROR] WebSocket connection to 'wss://jupyter.cx3.rcs.ic.ac.uk/user/osella/api/events/subscribe' failed: Error during WebSocket handshake: Unexpected response code: 302 @ https://jupyter.cx3.rcs.ic.ac.uk/user/osella/static/lab/jlab_core.9ae09eead5139c587af4.js?v=9ae09eead5139c587af4:0
[34690620ms] [ERROR] WebSocket connection to 'wss://jupyter.cx3.rcs.ic.ac.uk/user/osella/api/events/subscribe' failed: Error during WebSocket handshake: Unexpected response code: 302 @ https://jupyter.cx3.rcs.ic.ac.uk/user/osella/static/lab/jlab_core.9ae09eead5139c587af4.js?v=9ae09eead5139c587af4:0
[34720712ms] [ERROR] WebSocket connection to 'wss://jupyter.cx3.rcs.ic.ac.uk/user/osella/api/events/subscribe' failed: Error during WebSocket handshake: Unexpected response code: 302 @ https://jupyter.cx3.rcs.ic.ac.uk/user/osella/static/lab/jlab_core.9ae09eead5139c587af4.js?v=9ae09eead5139c587af4:0
[34723282ms] [ERROR] Failed to load resource: the server responded with a status of 424 (Failed Dependency) @ https://jupyter.cx3.rcs.ic.ac.uk/hub/user/osella/lab/api/workspaces?1784966179049:0
[34744588ms] [ERROR] Failed to load resource: the server responded with a status of 424 (Failed Dependency) @ https://jupyter.cx3.rcs.ic.ac.uk/hub/user/osella/lab/api/workspaces?1784966200359:0
[34746101ms] [ERROR] WebSocket connection to 'wss://jupyter.cx3.rcs.ic.ac.uk/user/osella/api/events/subscribe' failed: Error during WebSocket handshake: Unexpected response code: 302 @ https://jupyter.cx3.rcs.ic.ac.uk/user/osella/static/lab/jlab_core.9ae09eead5139c587af4.js?v=9ae09eead5139c587af4:0
[34768409ms] [ERROR] WebSocket connection to 'wss://jupyter.cx3.rcs.ic.ac.uk/user/osella/api/events/subscribe' failed: Error during WebSocket handshake: Unexpected response code: 302 @ https://jupyter.cx3.rcs.ic.ac.uk/user/osella/static/lab/jlab_core.9ae09eead5139c587af4.js?v=9ae09eead5139c587af4:0
[34772382ms] [ERROR] WebSocket connection to 'wss://jupyter.cx3.rcs.ic.ac.uk/user/osella/api/events/subscribe' failed: Error during WebSocket handshake: Unexpected response code: 302 @ https://jupyter.cx3.rcs.ic.ac.uk/user/osella/static/lab/jlab_core.9ae09eead5139c587af4.js?v=9ae09eead5139c587af4:0
[34783333ms] [ERROR] WebSocket connection to 'wss://jupyter.cx3.rcs.ic.ac.uk/user/osella/api/events/subscribe' failed: Error during WebSocket handshake: Unexpected response code: 302 @ https://jupyter.cx3.rcs.ic.ac.uk/user/osella/static/lab/jlab_core.9ae09eead5139c587af4.js?v=9ae09eead5139c587af4:0
[34800527ms] [ERROR] Failed to load resource: the server responded with a status of 424 (Failed Dependency) @ https://jupyter.cx3.rcs.ic.ac.uk/hub/user/osella/lab/api/workspaces?1784966256299:0
[34801716ms] [ERROR] WebSocket connection to 'wss://jupyter.cx3.rcs.ic.ac.uk/user/osella/api/events/subscribe' failed: Error during WebSocket handshake: Unexpected response code: 302 @ https://jupyter.cx3.rcs.ic.ac.uk/user/osella/static/lab/jlab_core.9ae09eead5139c587af4.js?v=9ae09eead5139c587af4:0
[34811839ms] [ERROR] WebSocket connection to 'wss://jupyter.cx3.rcs.ic.ac.uk/user/osella/api/events/subscribe' failed: Error during WebSocket handshake: Unexpected response code: 302 @ https://jupyter.cx3.rcs.ic.ac.uk/user/osella/static/lab/jlab_core.9ae09eead5139c587af4.js?v=9ae09eead5139c587af4:0
[34834738ms] [ERROR] WebSocket connection to 'wss://jupyter.cx3.rcs.ic.ac.uk/user/osella/api/events/subscribe' failed: Error during WebSocket handshake: Unexpected response code: 302 @ https://jupyter.cx3.rcs.ic.ac.uk/user/osella/static/lab/jlab_core.9ae09eead5139c587af4.js?v=9ae09eead5139c587af4:0
[34844024ms] [ERROR] WebSocket connection to 'wss://jupyter.cx3.rcs.ic.ac.uk/user/osella/api/events/subscribe' failed: Error during WebSocket handshake: Unexpected response code: 302 @ https://jupyter.cx3.rcs.ic.ac.uk/user/osella/static/lab/jlab_core.9ae09eead5139c587af4.js?v=9ae09eead5139c587af4:0
[34861890ms] [ERROR] WebSocket connection to 'wss://jupyter.cx3.rcs.ic.ac.uk/user/osella/api/events/subscribe' failed: Error during WebSocket handshake: Unexpected response code: 302 @ https://jupyter.cx3.rcs.ic.ac.uk/user/osella/static/lab/jlab_core.9ae09eead5139c587af4.js?v=9ae09eead5139c587af4:0
[34864777ms] [ERROR] WebSocket connection to 'wss://jupyter.cx3.rcs.ic.ac.uk/user/osella/api/events/subscribe' failed: Error during WebSocket handshake: Unexpected response code: 302 @ https://jupyter.cx3.rcs.ic.ac.uk/user/osella/static/lab/jlab_core.9ae09eead5139c587af4.js?v=9ae09eead5139c587af4:0
[34872958ms] [ERROR] WebSocket connection to 'wss://jupyter.cx3.rcs.ic.ac.uk/user/osella/api/events/subscribe' failed: Error during WebSocket handshake: Unexpected response code: 302 @ https://jupyter.cx3.rcs.ic.ac.uk/user/osella/static/lab/jlab_core.9ae09eead5139c587af4.js?v=9ae09eead5139c587af4:0
[34889296ms] [ERROR] WebSocket connection to 'wss://jupyter.cx3.rcs.ic.ac.uk/user/osella/api/events/subscribe' failed: Error during WebSocket handshake: Unexpected response code: 302 @ https://jupyter.cx3.rcs.ic.ac.uk/user/osella/static/lab/jlab_core.9ae09eead5139c587af4.js?v=9ae09eead5139c587af4:0
[34903504ms] [ERROR] WebSocket connection to 'wss://jupyter.cx3.rcs.ic.ac.uk/user/osella/api/events/subscribe' failed: Error during WebSocket handshake: Unexpected response code: 302 @ https://jupyter.cx3.rcs.ic.ac.uk/user/osella/static/lab/jlab_core.9ae09eead5139c587af4.js?v=9ae09eead5139c587af4:0
[34933583ms] [ERROR] WebSocket connection to 'wss://jupyter.cx3.rcs.ic.ac.uk/user/osella/api/events/subscribe' failed: Error during WebSocket handshake: Unexpected response code: 302 @ https://jupyter.cx3.rcs.ic.ac.uk/user/osella/static/lab/jlab_core.9ae09eead5139c587af4.js?v=9ae09eead5139c587af4:0
[34937799ms] [ERROR] Failed to load resource: the server responded with a status of 424 (Failed Dependency) @ https://jupyter.cx3.rcs.ic.ac.uk/hub/user/osella/lab/api/workspaces?1784966393539:0
[34963659ms] [ERROR] WebSocket connection to 'wss://jupyter.cx3.rcs.ic.ac.uk/user/osella/api/events/subscribe' failed: Error during WebSocket handshake: Unexpected response code: 302 @ https://jupyter.cx3.rcs.ic.ac.uk/user/osella/static/lab/jlab_core.9ae09eead5139c587af4.js?v=9ae09eead5139c587af4:0
[34968369ms] [ERROR] WebSocket connection to 'wss://jupyter.cx3.rcs.ic.ac.uk/user/osella/api/events/subscribe' failed: Error during WebSocket handshake: Unexpected response code: 302 @ https://jupyter.cx3.rcs.ic.ac.uk/user/osella/static/lab/jlab_core.9ae09eead5139c587af4.js?v=9ae09eead5139c587af4:0
[34975171ms] [ERROR] WebSocket connection to 'wss://jupyter.cx3.rcs.ic.ac.uk/user/osella/api/events/subscribe' failed: Error during WebSocket handshake: Unexpected response code: 302 @ https://jupyter.cx3.rcs.ic.ac.uk/user/osella/static/lab/jlab_core.9ae09eead5139c587af4.js?v=9ae09eead5139c587af4:0
[34988000ms] [ERROR] WebSocket connection to 'wss://jupyter.cx3.rcs.ic.ac.uk/user/osella/api/events/subscribe' failed: Error during WebSocket handshake: Unexpected response code: 302 @ https://jupyter.cx3.rcs.ic.ac.uk/user/osella/static/lab/jlab_core.9ae09eead5139c587af4.js?v=9ae09eead5139c587af4:0
[35015802ms] [ERROR] WebSocket connection to 'wss://jupyter.cx3.rcs.ic.ac.uk/user/osella/api/events/subscribe' failed: Error during WebSocket handshake: Unexpected response code: 302 @ https://jupyter.cx3.rcs.ic.ac.uk/user/osella/static/lab/jlab_core.9ae09eead5139c587af4.js?v=9ae09eead5139c587af4:0
[35031683ms] [ERROR] WebSocket connection to 'wss://jupyter.cx3.rcs.ic.ac.uk/user/osella/api/events/subscribe' failed: Error during WebSocket handshake: Unexpected response code: 302 @ https://jupyter.cx3.rcs.ic.ac.uk/user/osella/static/lab/jlab_core.9ae09eead5139c587af4.js?v=9ae09eead5139c587af4:0
[35061739ms] [ERROR] WebSocket connection to 'wss://jupyter.cx3.rcs.ic.ac.uk/user/osella/api/events/subscribe' failed: Error during WebSocket handshake: Unexpected response code: 302 @ https://jupyter.cx3.rcs.ic.ac.uk/user/osella/static/lab/jlab_core.9ae09eead5139c587af4.js?v=9ae09eead5139c587af4:0
[35091826ms] [ERROR] WebSocket connection to 'wss://jupyter.cx3.rcs.ic.ac.uk/user/osella/api/events/subscribe' failed: Error during WebSocket handshake: Unexpected response code: 302 @ https://jupyter.cx3.rcs.ic.ac.uk/user/osella/static/lab/jlab_core.9ae09eead5139c587af4.js?v=9ae09eead5139c587af4:0
[35121893ms] [ERROR] WebSocket connection to 'wss://jupyter.cx3.rcs.ic.ac.uk/user/osella/api/events/subscribe' failed: Error during WebSocket handshake: Unexpected response code: 302 @ https://jupyter.cx3.rcs.ic.ac.uk/user/osella/static/lab/jlab_core.9ae09eead5139c587af4.js?v=9ae09eead5139c587af4:0
[35152017ms] [ERROR] WebSocket connection to 'wss://jupyter.cx3.rcs.ic.ac.uk/user/osella/api/events/subscribe' failed: Error during WebSocket handshake: Unexpected response code: 302 @ https://jupyter.cx3.rcs.ic.ac.uk/user/osella/static/lab/jlab_core.9ae09eead5139c587af4.js?v=9ae09eead5139c587af4:0
[35182100ms] [ERROR] WebSocket connection to 'wss://jupyter.cx3.rcs.ic.ac.uk/user/osella/api/events/subscribe' failed: Error during WebSocket handshake: Unexpected response code: 302 @ https://jupyter.cx3.rcs.ic.ac.uk/user/osella/static/lab/jlab_core.9ae09eead5139c587af4.js?v=9ae09eead5139c587af4:0
[35188875ms] [ERROR] WebSocket connection to 'wss://jupyter.cx3.rcs.ic.ac.uk/user/osella/api/events/subscribe' failed: Error during WebSocket handshake: Unexpected response code: 302 @ https://jupyter.cx3.rcs.ic.ac.uk/user/osella/static/lab/jlab_core.9ae09eead5139c587af4.js?v=9ae09eead5139c587af4:0
[35208126ms] [ERROR] WebSocket connection to 'wss://jupyter.cx3.rcs.ic.ac.uk/user/osella/api/events/subscribe' failed: Error during WebSocket handshake: Unexpected response code: 302 @ https://jupyter.cx3.rcs.ic.ac.uk/user/osella/static/lab/jlab_core.9ae09eead5139c587af4.js?v=9ae09eead5139c587af4:0
[35237959ms] [ERROR] Failed to load resource: the server responded with a status of 424 (Failed Dependency) @ https://jupyter.cx3.rcs.ic.ac.uk/hub/user/osella/lab/api/workspaces?1784966693699:0
[35238199ms] [ERROR] WebSocket connection to 'wss://jupyter.cx3.rcs.ic.ac.uk/user/osella/api/events/subscribe' failed: Error during WebSocket handshake: Unexpected response code: 302 @ https://jupyter.cx3.rcs.ic.ac.uk/user/osella/static/lab/jlab_core.9ae09eead5139c587af4.js?v=9ae09eead5139c587af4:0
[35268278ms] [ERROR] WebSocket connection to 'wss://jupyter.cx3.rcs.ic.ac.uk/user/osella/api/events/subscribe' failed: Error during WebSocket handshake: Unexpected response code: 302 @ https://jupyter.cx3.rcs.ic.ac.uk/user/osella/static/lab/jlab_core.9ae09eead5139c587af4.js?v=9ae09eead5139c587af4:0
[35286920ms] [ERROR] WebSocket connection to 'wss://jupyter.cx3.rcs.ic.ac.uk/user/osella/api/events/subscribe' failed: Error during WebSocket handshake: Unexpected response code: 302 @ https://jupyter.cx3.rcs.ic.ac.uk/user/osella/static/lab/jlab_core.9ae09eead5139c587af4.js?v=9ae09eead5139c587af4:0
[35287002ms] [ERROR] Failed to load resource: the server responded with a status of 424 (Failed Dependency) @ https://jupyter.cx3.rcs.ic.ac.uk/hub/user/osella/lab/api/workspaces?1784966742740:0
[35316992ms] [ERROR] WebSocket connection to 'wss://jupyter.cx3.rcs.ic.ac.uk/user/osella/api/events/subscribe' failed: Error during WebSocket handshake: Unexpected response code: 302 @ https://jupyter.cx3.rcs.ic.ac.uk/user/osella/static/lab/jlab_core.9ae09eead5139c587af4.js?v=9ae09eead5139c587af4:0
[35333949ms] [ERROR] Failed to load resource: the server responded with a status of 424 (Failed Dependency) @ https://jupyter.cx3.rcs.ic.ac.uk/hub/user/osella/lab/api/workspaces?1784966789721:0
[35345484ms] [ERROR] WebSocket connection to 'wss://jupyter.cx3.rcs.ic.ac.uk/user/osella/api/events/subscribe' failed: Error during WebSocket handshake: Unexpected response code: 302 @ https://jupyter.cx3.rcs.ic.ac.uk/user/osella/static/lab/jlab_core.9ae09eead5139c587af4.js?v=9ae09eead5139c587af4:0
[35352200ms] [ERROR] Failed to load resource: the server responded with a status of 424 (Failed Dependency) @ https://jupyter.cx3.rcs.ic.ac.uk/hub/user/osella/lab/api/workspaces?1784966807976:0
[35375578ms] [ERROR] WebSocket connection to 'wss://jupyter.cx3.rcs.ic.ac.uk/user/osella/api/events/subscribe' failed: Error during WebSocket handshake: Unexpected response code: 302 @ https://jupyter.cx3.rcs.ic.ac.uk/user/osella/static/lab/jlab_core.9ae09eead5139c587af4.js?v=9ae09eead5139c587af4:0
[35404335ms] [ERROR] Failed to load resource: the server responded with a status of 424 (Failed Dependency) @ https://jupyter.cx3.rcs.ic.ac.uk/hub/user/osella/lab/api/workspaces?1784966860107:0
[35405653ms] [ERROR] WebSocket connection to 'wss://jupyter.cx3.rcs.ic.ac.uk/user/osella/api/events/subscribe' failed: Error during WebSocket handshake: Unexpected response code: 302 @ https://jupyter.cx3.rcs.ic.ac.uk/user/osella/static/lab/jlab_core.9ae09eead5139c587af4.js?v=9ae09eead5139c587af4:0
[35435727ms] [ERROR] WebSocket connection to 'wss://jupyter.cx3.rcs.ic.ac.uk/user/osella/api/events/subscribe' failed: Error during WebSocket handshake: Unexpected response code: 302 @ https://jupyter.cx3.rcs.ic.ac.uk/user/osella/static/lab/jlab_core.9ae09eead5139c587af4.js?v=9ae09eead5139c587af4:0
[35438592ms] [ERROR] WebSocket connection to 'wss://jupyter.cx3.rcs.ic.ac.uk/user/osella/api/events/subscribe' failed: Error during WebSocket handshake: Unexpected response code: 302 @ https://jupyter.cx3.rcs.ic.ac.uk/user/osella/static/lab/jlab_core.9ae09eead5139c587af4.js?v=9ae09eead5139c587af4:0
[35444607ms] [ERROR] WebSocket connection to 'wss://jupyter.cx3.rcs.ic.ac.uk/user/osella/api/events/subscribe' failed: Error during WebSocket handshake: Unexpected response code: 302 @ https://jupyter.cx3.rcs.ic.ac.uk/user/osella/static/lab/jlab_core.9ae09eead5139c587af4.js?v=9ae09eead5139c587af4:0
[35447817ms] [ERROR] WebSocket connection to 'wss://jupyter.cx3.rcs.ic.ac.uk/user/osella/api/events/subscribe' failed: Error during WebSocket handshake: Unexpected response code: 302 @ https://jupyter.cx3.rcs.ic.ac.uk/user/osella/static/lab/jlab_core.9ae09eead5139c587af4.js?v=9ae09eead5139c587af4:0
[35454410ms] [ERROR] WebSocket connection to 'wss://jupyter.cx3.rcs.ic.ac.uk/user/osella/api/events/subscribe' failed: Error during WebSocket handshake: Unexpected response code: 302 @ https://jupyter.cx3.rcs.ic.ac.uk/user/osella/static/lab/jlab_core.9ae09eead5139c587af4.js?v=9ae09eead5139c587af4:0
[35459487ms] [ERROR] WebSocket connection to 'wss://jupyter.cx3.rcs.ic.ac.uk/user/osella/api/events/subscribe' failed: Error during WebSocket handshake: Unexpected response code: 302 @ https://jupyter.cx3.rcs.ic.ac.uk/user/osella/static/lab/jlab_core.9ae09eead5139c587af4.js?v=9ae09eead5139c587af4:0
[35468287ms] [ERROR] WebSocket connection to 'wss://jupyter.cx3.rcs.ic.ac.uk/user/osella/api/events/subscribe' failed: Error during WebSocket handshake: Unexpected response code: 302 @ https://jupyter.cx3.rcs.ic.ac.uk/user/osella/static/lab/jlab_core.9ae09eead5139c587af4.js?v=9ae09eead5139c587af4:0
[35492275ms] [ERROR] WebSocket connection to 'wss://jupyter.cx3.rcs.ic.ac.uk/user/osella/api/events/subscribe' failed: Error during WebSocket handshake: Unexpected response code: 302 @ https://jupyter.cx3.rcs.ic.ac.uk/user/osella/static/lab/jlab_core.9ae09eead5139c587af4.js?v=9ae09eead5139c587af4:0
[35517162ms] [ERROR] WebSocket connection to 'wss://jupyter.cx3.rcs.ic.ac.uk/user/osella/api/events/subscribe' failed: Error during WebSocket handshake: Unexpected response code: 302 @ https://jupyter.cx3.rcs.ic.ac.uk/user/osella/static/lab/jlab_core.9ae09eead5139c587af4.js?v=9ae09eead5139c587af4:0
[35524388ms] [ERROR] WebSocket connection to 'wss://jupyter.cx3.rcs.ic.ac.uk/user/osella/api/events/subscribe' failed: Error during WebSocket handshake: Unexpected response code: 302 @ https://jupyter.cx3.rcs.ic.ac.uk/user/osella/static/lab/jlab_core.9ae09eead5139c587af4.js?v=9ae09eead5139c587af4:0
[35524715ms] [ERROR] Failed to load resource: the server responded with a status of 424 (Failed Dependency) @ https://jupyter.cx3.rcs.ic.ac.uk/hub/user/osella/lab/api/workspaces?1784966980492:0
[35533166ms] [ERROR] WebSocket connection to 'wss://jupyter.cx3.rcs.ic.ac.uk/user/osella/api/events/subscribe' failed: Error during WebSocket handshake: Unexpected response code: 302 @ https://jupyter.cx3.rcs.ic.ac.uk/user/osella/static/lab/jlab_core.9ae09eead5139c587af4.js?v=9ae09eead5139c587af4:0
[35548078ms] [ERROR] WebSocket connection to 'wss://jupyter.cx3.rcs.ic.ac.uk/user/osella/api/events/subscribe' failed: Error during WebSocket handshake: Unexpected response code: 302 @ https://jupyter.cx3.rcs.ic.ac.uk/user/osella/static/lab/jlab_core.9ae09eead5139c587af4.js?v=9ae09eead5139c587af4:0
[35556964ms] [ERROR] WebSocket connection to 'wss://jupyter.cx3.rcs.ic.ac.uk/user/osella/api/events/subscribe' failed: Error during WebSocket handshake: Unexpected response code: 302 @ https://jupyter.cx3.rcs.ic.ac.uk/user/osella/static/lab/jlab_core.9ae09eead5139c587af4.js?v=9ae09eead5139c587af4:0
[35565424ms] [ERROR] WebSocket connection to 'wss://jupyter.cx3.rcs.ic.ac.uk/user/osella/api/events/subscribe' failed: Error during WebSocket handshake: Unexpected response code: 302 @ https://jupyter.cx3.rcs.ic.ac.uk/user/osella/static/lab/jlab_core.9ae09eead5139c587af4.js?v=9ae09eead5139c587af4:0
[35587893ms] [ERROR] WebSocket connection to 'wss://jupyter.cx3.rcs.ic.ac.uk/user/osella/api/events/subscribe' failed: Error during WebSocket handshake: Unexpected response code: 302 @ https://jupyter.cx3.rcs.ic.ac.uk/user/osella/static/lab/jlab_core.9ae09eead5139c587af4.js?v=9ae09eead5139c587af4:0
[35615493ms] [ERROR] WebSocket connection to 'wss://jupyter.cx3.rcs.ic.ac.uk/user/osella/api/events/subscribe' failed: Error during WebSocket handshake: Unexpected response code: 302 @ https://jupyter.cx3.rcs.ic.ac.uk/user/osella/static/lab/jlab_core.9ae09eead5139c587af4.js?v=9ae09eead5139c587af4:0
[35645572ms] [ERROR] WebSocket connection to 'wss://jupyter.cx3.rcs.ic.ac.uk/user/osella/api/events/subscribe' failed: Error during WebSocket handshake: Unexpected response code: 302 @ https://jupyter.cx3.rcs.ic.ac.uk/user/osella/static/lab/jlab_core.9ae09eead5139c587af4.js?v=9ae09eead5139c587af4:0
[35659874ms] [ERROR] WebSocket connection to 'wss://jupyter.cx3.rcs.ic.ac.uk/user/osella/api/events/subscribe' failed: Error during WebSocket handshake: Unexpected response code: 302 @ https://jupyter.cx3.rcs.ic.ac.uk/user/osella/static/lab/jlab_core.9ae09eead5139c587af4.js?v=9ae09eead5139c587af4:0
[35664926ms] [ERROR] WebSocket connection to 'wss://jupyter.cx3.rcs.ic.ac.uk/user/osella/api/events/subscribe' failed: Error during WebSocket handshake: Unexpected response code: 302 @ https://jupyter.cx3.rcs.ic.ac.uk/user/osella/static/lab/jlab_core.9ae09eead5139c587af4.js?v=9ae09eead5139c587af4:0
[35672051ms] [ERROR] WebSocket connection to 'wss://jupyter.cx3.rcs.ic.ac.uk/user/osella/api/events/subscribe' failed: Error during WebSocket handshake: Unexpected response code: 302 @ https://jupyter.cx3.rcs.ic.ac.uk/user/osella/static/lab/jlab_core.9ae09eead5139c587af4.js?v=9ae09eead5139c587af4:0
[35692850ms] [ERROR] WebSocket connection to 'wss://jupyter.cx3.rcs.ic.ac.uk/user/osella/api/events/subscribe' failed: Error during WebSocket handshake: Unexpected response code: 302 @ https://jupyter.cx3.rcs.ic.ac.uk/user/osella/static/lab/jlab_core.9ae09eead5139c587af4.js?v=9ae09eead5139c587af4:0
[35714483ms] [ERROR] WebSocket connection to 'wss://jupyter.cx3.rcs.ic.ac.uk/user/osella/api/events/subscribe' failed: Error during WebSocket handshake: Unexpected response code: 302 @ https://jupyter.cx3.rcs.ic.ac.uk/user/osella/static/lab/jlab_core.9ae09eead5139c587af4.js?v=9ae09eead5139c587af4:0
[35744830ms] [ERROR] WebSocket connection to 'wss://jupyter.cx3.rcs.ic.ac.uk/user/osella/api/events/subscribe' failed: Error during WebSocket handshake: Unexpected response code: 302 @ https://jupyter.cx3.rcs.ic.ac.uk/user/osella/static/lab/jlab_core.9ae09eead5139c587af4.js?v=9ae09eead5139c587af4:0
[35763307ms] [ERROR] Failed to load resource: the server responded with a status of 424 (Failed Dependency) @ https://jupyter.cx3.rcs.ic.ac.uk/hub/user/osella/lab/api/workspaces?1784967219069:0
[35769332ms] [ERROR] WebSocket connection to 'wss://jupyter.cx3.rcs.ic.ac.uk/user/osella/api/events/subscribe' failed: Error during WebSocket handshake: Unexpected response code: 302 @ https://jupyter.cx3.rcs.ic.ac.uk/user/osella/static/lab/jlab_core.9ae09eead5139c587af4.js?v=9ae09eead5139c587af4:0
[35771163ms] [ERROR] WebSocket connection to 'wss://jupyter.cx3.rcs.ic.ac.uk/user/osella/api/events/subscribe' failed: Error during WebSocket handshake: Unexpected response code: 302 @ https://jupyter.cx3.rcs.ic.ac.uk/user/osella/static/lab/jlab_core.9ae09eead5139c587af4.js?v=9ae09eead5139c587af4:0
[35776077ms] [ERROR] WebSocket connection to 'wss://jupyter.cx3.rcs.ic.ac.uk/user/osella/api/events/subscribe' failed: Error during WebSocket handshake: Unexpected response code: 302 @ https://jupyter.cx3.rcs.ic.ac.uk/user/osella/static/lab/jlab_core.9ae09eead5139c587af4.js?v=9ae09eead5139c587af4:0
[35786397ms] [ERROR] WebSocket connection to 'wss://jupyter.cx3.rcs.ic.ac.uk/user/osella/api/events/subscribe' failed: Error during WebSocket handshake: Unexpected response code: 302 @ https://jupyter.cx3.rcs.ic.ac.uk/user/osella/static/lab/jlab_core.9ae09eead5139c587af4.js?v=9ae09eead5139c587af4:0
[35796590ms] [ERROR] WebSocket connection to 'wss://jupyter.cx3.rcs.ic.ac.uk/user/osella/api/events/subscribe' failed: Error during WebSocket handshake: Unexpected response code: 302 @ https://jupyter.cx3.rcs.ic.ac.uk/user/osella/static/lab/jlab_core.9ae09eead5139c587af4.js?v=9ae09eead5139c587af4:0
[35822609ms] [ERROR] WebSocket connection to 'wss://jupyter.cx3.rcs.ic.ac.uk/user/osella/api/events/subscribe' failed: Error during WebSocket handshake: Unexpected response code: 302 @ https://jupyter.cx3.rcs.ic.ac.uk/user/osella/static/lab/jlab_core.9ae09eead5139c587af4.js?v=9ae09eead5139c587af4:0
[35852685ms] [ERROR] WebSocket connection to 'wss://jupyter.cx3.rcs.ic.ac.uk/user/osella/api/events/subscribe' failed: Error during WebSocket handshake: Unexpected response code: 302 @ https://jupyter.cx3.rcs.ic.ac.uk/user/osella/static/lab/jlab_core.9ae09eead5139c587af4.js?v=9ae09eead5139c587af4:0
[35882187ms] [ERROR] WebSocket connection to 'wss://jupyter.cx3.rcs.ic.ac.uk/user/osella/api/events/subscribe' failed: Error during WebSocket handshake: Unexpected response code: 302 @ https://jupyter.cx3.rcs.ic.ac.uk/user/osella/static/lab/jlab_core.9ae09eead5139c587af4.js?v=9ae09eead5139c587af4:0
[35912277ms] [ERROR] WebSocket connection to 'wss://jupyter.cx3.rcs.ic.ac.uk/user/osella/api/events/subscribe' failed: Error during WebSocket handshake: Unexpected response code: 302 @ https://jupyter.cx3.rcs.ic.ac.uk/user/osella/static/lab/jlab_core.9ae09eead5139c587af4.js?v=9ae09eead5139c587af4:0
[35928800ms] [ERROR] WebSocket connection to 'wss://jupyter.cx3.rcs.ic.ac.uk/user/osella/api/events/subscribe' failed: Error during WebSocket handshake: Unexpected response code: 302 @ https://jupyter.cx3.rcs.ic.ac.uk/user/osella/static/lab/jlab_core.9ae09eead5139c587af4.js?v=9ae09eead5139c587af4:0
[35958871ms] [ERROR] WebSocket connection to 'wss://jupyter.cx3.rcs.ic.ac.uk/user/osella/api/events/subscribe' failed: Error during WebSocket handshake: Unexpected response code: 302 @ https://jupyter.cx3.rcs.ic.ac.uk/user/osella/static/lab/jlab_core.9ae09eead5139c587af4.js?v=9ae09eead5139c587af4:0
[35988940ms] [ERROR] WebSocket connection to 'wss://jupyter.cx3.rcs.ic.ac.uk/user/osella/api/events/subscribe' failed: Error during WebSocket handshake: Unexpected response code: 302 @ https://jupyter.cx3.rcs.ic.ac.uk/user/osella/static/lab/jlab_core.9ae09eead5139c587af4.js?v=9ae09eead5139c587af4:0
[36019013ms] [ERROR] WebSocket connection to 'wss://jupyter.cx3.rcs.ic.ac.uk/user/osella/api/events/subscribe' failed: Error during WebSocket handshake: Unexpected response code: 302 @ https://jupyter.cx3.rcs.ic.ac.uk/user/osella/static/lab/jlab_core.9ae09eead5139c587af4.js?v=9ae09eead5139c587af4:0
[36049101ms] [ERROR] WebSocket connection to 'wss://jupyter.cx3.rcs.ic.ac.uk/user/osella/api/events/subscribe' failed: Error during WebSocket handshake: Unexpected response code: 302 @ https://jupyter.cx3.rcs.ic.ac.uk/user/osella/static/lab/jlab_core.9ae09eead5139c587af4.js?v=9ae09eead5139c587af4:0
[36055871ms] [ERROR] WebSocket connection to 'wss://jupyter.cx3.rcs.ic.ac.uk/user/osella/api/events/subscribe' failed: Error during WebSocket handshake: Unexpected response code: 302 @ https://jupyter.cx3.rcs.ic.ac.uk/user/osella/static/lab/jlab_core.9ae09eead5139c587af4.js?v=9ae09eead5139c587af4:0
[36058151ms] [ERROR] WebSocket connection to 'wss://jupyter.cx3.rcs.ic.ac.uk/user/osella/api/events/subscribe' failed: Error during WebSocket handshake: Unexpected response code: 302 @ https://jupyter.cx3.rcs.ic.ac.uk/user/osella/static/lab/jlab_core.9ae09eead5139c587af4.js?v=9ae09eead5139c587af4:0
[36062086ms] [ERROR] WebSocket connection to 'wss://jupyter.cx3.rcs.ic.ac.uk/user/osella/api/events/subscribe' failed: Error during WebSocket handshake: Unexpected response code: 302 @ https://jupyter.cx3.rcs.ic.ac.uk/user/osella/static/lab/jlab_core.9ae09eead5139c587af4.js?v=9ae09eead5139c587af4:0
[36063522ms] [ERROR] Failed to load resource: the server responded with a status of 424 (Failed Dependency) @ https://jupyter.cx3.rcs.ic.ac.uk/hub/user/osella/lab/api/workspaces?1784967519213:0
[36065018ms] [ERROR] WebSocket connection to 'wss://jupyter.cx3.rcs.ic.ac.uk/user/osella/api/events/subscribe' failed: Error during WebSocket handshake: Unexpected response code: 302 @ https://jupyter.cx3.rcs.ic.ac.uk/user/osella/static/lab/jlab_core.9ae09eead5139c587af4.js?v=9ae09eead5139c587af4:0
[36069234ms] [ERROR] WebSocket connection to 'wss://jupyter.cx3.rcs.ic.ac.uk/user/osella/api/events/subscribe' failed: Error during WebSocket handshake: Unexpected response code: 302 @ https://jupyter.cx3.rcs.ic.ac.uk/user/osella/static/lab/jlab_core.9ae09eead5139c587af4.js?v=9ae09eead5139c587af4:0
[36075050ms] [ERROR] WebSocket connection to 'wss://jupyter.cx3.rcs.ic.ac.uk/user/osella/api/events/subscribe' failed: Error during WebSocket handshake: Unexpected response code: 302 @ https://jupyter.cx3.rcs.ic.ac.uk/user/osella/static/lab/jlab_core.9ae09eead5139c587af4.js?v=9ae09eead5139c587af4:0
[36092404ms] [ERROR] WebSocket connection to 'wss://jupyter.cx3.rcs.ic.ac.uk/user/osella/api/events/subscribe' failed: Error during WebSocket handshake: Unexpected response code: 302 @ https://jupyter.cx3.rcs.ic.ac.uk/user/osella/static/lab/jlab_core.9ae09eead5139c587af4.js?v=9ae09eead5139c587af4:0
[36097253ms] [ERROR] WebSocket connection to 'wss://jupyter.cx3.rcs.ic.ac.uk/user/osella/api/events/subscribe' failed: Error during WebSocket handshake: Unexpected response code: 302 @ https://jupyter.cx3.rcs.ic.ac.uk/user/osella/static/lab/jlab_core.9ae09eead5139c587af4.js?v=9ae09eead5139c587af4:0
[36103798ms] [ERROR] WebSocket connection to 'wss://jupyter.cx3.rcs.ic.ac.uk/user/osella/api/events/subscribe' failed: Error during WebSocket handshake: Unexpected response code: 302 @ https://jupyter.cx3.rcs.ic.ac.uk/user/osella/static/lab/jlab_core.9ae09eead5139c587af4.js?v=9ae09eead5139c587af4:0
[36113700ms] [ERROR] WebSocket connection to 'wss://jupyter.cx3.rcs.ic.ac.uk/user/osella/api/events/subscribe' failed: Error during WebSocket handshake: Unexpected response code: 302 @ https://jupyter.cx3.rcs.ic.ac.uk/user/osella/static/lab/jlab_core.9ae09eead5139c587af4.js?v=9ae09eead5139c587af4:0
[36125773ms] [ERROR] WebSocket connection to 'wss://jupyter.cx3.rcs.ic.ac.uk/user/osella/api/events/subscribe' failed: Error during WebSocket handshake: Unexpected response code: 302 @ https://jupyter.cx3.rcs.ic.ac.uk/user/osella/static/lab/jlab_core.9ae09eead5139c587af4.js?v=9ae09eead5139c587af4:0
[36135304ms] [ERROR] WebSocket connection to 'wss://jupyter.cx3.rcs.ic.ac.uk/user/osella/api/events/subscribe' failed: Error during WebSocket handshake: Unexpected response code: 302 @ https://jupyter.cx3.rcs.ic.ac.uk/user/osella/static/lab/jlab_core.9ae09eead5139c587af4.js?v=9ae09eead5139c587af4:0
[36157517ms] [ERROR] WebSocket connection to 'wss://jupyter.cx3.rcs.ic.ac.uk/user/osella/api/events/subscribe' failed: Error during WebSocket handshake: Unexpected response code: 302 @ https://jupyter.cx3.rcs.ic.ac.uk/user/osella/static/lab/jlab_core.9ae09eead5139c587af4.js?v=9ae09eead5139c587af4:0
[36187613ms] [ERROR] WebSocket connection to 'wss://jupyter.cx3.rcs.ic.ac.uk/user/osella/api/events/subscribe' failed: Error during WebSocket handshake: Unexpected response code: 302 @ https://jupyter.cx3.rcs.ic.ac.uk/user/osella/static/lab/jlab_core.9ae09eead5139c587af4.js?v=9ae09eead5139c587af4:0
[36192042ms] [ERROR] WebSocket connection to 'wss://jupyter.cx3.rcs.ic.ac.uk/user/osella/api/events/subscribe' failed: Error during WebSocket handshake: Unexpected response code: 302 @ https://jupyter.cx3.rcs.ic.ac.uk/user/osella/static/lab/jlab_core.9ae09eead5139c587af4.js?v=9ae09eead5139c587af4:0
[36199242ms] [ERROR] WebSocket connection to 'wss://jupyter.cx3.rcs.ic.ac.uk/user/osella/api/events/subscribe' failed: Error during WebSocket handshake: Unexpected response code: 302 @ https://jupyter.cx3.rcs.ic.ac.uk/user/osella/static/lab/jlab_core.9ae09eead5139c587af4.js?v=9ae09eead5139c587af4:0
[36215366ms] [ERROR] WebSocket connection to 'wss://jupyter.cx3.rcs.ic.ac.uk/user/osella/api/events/subscribe' failed: Error during WebSocket handshake: Unexpected response code: 302 @ https://jupyter.cx3.rcs.ic.ac.uk/user/osella/static/lab/jlab_core.9ae09eead5139c587af4.js?v=9ae09eead5139c587af4:0
[36230044ms] [ERROR] Failed to load resource: the server responded with a status of 424 (Failed Dependency) @ https://jupyter.cx3.rcs.ic.ac.uk/hub/user/osella/api/kernels?1784967685669:0
[36234261ms] [ERROR] Failed to load resource: the server responded with a status of 424 (Failed Dependency) @ https://jupyter.cx3.rcs.ic.ac.uk/hub/user/osella/api/contents?content=1&hash=0&1784967690023:0
[36235303ms] [ERROR] Failed to load resource: the server responded with a status of 424 (Failed Dependency) @ https://jupyter.cx3.rcs.ic.ac.uk/hub/user/osella/api/sessions?1784967691051:0
[36245434ms] [ERROR] WebSocket connection to 'wss://jupyter.cx3.rcs.ic.ac.uk/user/osella/api/events/subscribe' failed: Error during WebSocket handshake: Unexpected response code: 302 @ https://jupyter.cx3.rcs.ic.ac.uk/user/osella/static/lab/jlab_core.9ae09eead5139c587af4.js?v=9ae09eead5139c587af4:0
[36275519ms] [ERROR] WebSocket connection to 'wss://jupyter.cx3.rcs.ic.ac.uk/user/osella/api/events/subscribe' failed: Error during WebSocket handshake: Unexpected response code: 302 @ https://jupyter.cx3.rcs.ic.ac.uk/user/osella/static/lab/jlab_core.9ae09eead5139c587af4.js?v=9ae09eead5139c587af4:0
[36305599ms] [ERROR] WebSocket connection to 'wss://jupyter.cx3.rcs.ic.ac.uk/user/osella/api/events/subscribe' failed: Error during WebSocket handshake: Unexpected response code: 302 @ https://jupyter.cx3.rcs.ic.ac.uk/user/osella/static/lab/jlab_core.9ae09eead5139c587af4.js?v=9ae09eead5139c587af4:0
[36329673ms] [ERROR] WebSocket connection to 'wss://jupyter.cx3.rcs.ic.ac.uk/user/osella/api/events/subscribe' failed: Error during WebSocket handshake: Unexpected response code: 302 @ https://jupyter.cx3.rcs.ic.ac.uk/user/osella/static/lab/jlab_core.9ae09eead5139c587af4.js?v=9ae09eead5139c587af4:0
[36359734ms] [ERROR] WebSocket connection to 'wss://jupyter.cx3.rcs.ic.ac.uk/user/osella/api/events/subscribe' failed: Error during WebSocket handshake: Unexpected response code: 302 @ https://jupyter.cx3.rcs.ic.ac.uk/user/osella/static/lab/jlab_core.9ae09eead5139c587af4.js?v=9ae09eead5139c587af4:0
[36363656ms] [ERROR] Failed to load resource: the server responded with a status of 424 (Failed Dependency) @ https://jupyter.cx3.rcs.ic.ac.uk/hub/user/osella/lab/api/workspaces?1784967819424:0
[36389789ms] [ERROR] WebSocket connection to 'wss://jupyter.cx3.rcs.ic.ac.uk/user/osella/api/events/subscribe' failed: Error during WebSocket handshake: Unexpected response code: 302 @ https://jupyter.cx3.rcs.ic.ac.uk/user/osella/static/lab/jlab_core.9ae09eead5139c587af4.js?v=9ae09eead5139c587af4:0
[36415746ms] [ERROR] WebSocket connection to 'wss://jupyter.cx3.rcs.ic.ac.uk/user/osella/api/events/subscribe' failed: Error during WebSocket handshake: Unexpected response code: 302 @ https://jupyter.cx3.rcs.ic.ac.uk/user/osella/static/lab/jlab_core.9ae09eead5139c587af4.js?v=9ae09eead5139c587af4:0
[36421636ms] [ERROR] WebSocket connection to 'wss://jupyter.cx3.rcs.ic.ac.uk/user/osella/api/events/subscribe' failed: Error during WebSocket handshake: Unexpected response code: 302 @ https://jupyter.cx3.rcs.ic.ac.uk/user/osella/static/lab/jlab_core.9ae09eead5139c587af4.js?v=9ae09eead5139c587af4:0
[36423989ms] [ERROR] WebSocket connection to 'wss://jupyter.cx3.rcs.ic.ac.uk/user/osella/api/events/subscribe' failed: Error during WebSocket handshake: Unexpected response code: 302 @ https://jupyter.cx3.rcs.ic.ac.uk/user/osella/static/lab/jlab_core.9ae09eead5139c587af4.js?v=9ae09eead5139c587af4:0
[36427043ms] [ERROR] WebSocket connection to 'wss://jupyter.cx3.rcs.ic.ac.uk/user/osella/api/events/subscribe' failed: Error during WebSocket handshake: Unexpected response code: 302 @ https://jupyter.cx3.rcs.ic.ac.uk/user/osella/static/lab/jlab_core.9ae09eead5139c587af4.js?v=9ae09eead5139c587af4:0
[36434635ms] [ERROR] WebSocket connection to 'wss://jupyter.cx3.rcs.ic.ac.uk/user/osella/api/events/subscribe' failed: Error during WebSocket handshake: Unexpected response code: 302 @ https://jupyter.cx3.rcs.ic.ac.uk/user/osella/static/lab/jlab_core.9ae09eead5139c587af4.js?v=9ae09eead5139c587af4:0
[36450110ms] [ERROR] WebSocket connection to 'wss://jupyter.cx3.rcs.ic.ac.uk/user/osella/api/events/subscribe' failed: Error during WebSocket handshake: Unexpected response code: 302 @ https://jupyter.cx3.rcs.ic.ac.uk/user/osella/static/lab/jlab_core.9ae09eead5139c587af4.js?v=9ae09eead5139c587af4:0
[36480204ms] [ERROR] WebSocket connection to 'wss://jupyter.cx3.rcs.ic.ac.uk/user/osella/api/events/subscribe' failed: Error during WebSocket handshake: Unexpected response code: 302 @ https://jupyter.cx3.rcs.ic.ac.uk/user/osella/static/lab/jlab_core.9ae09eead5139c587af4.js?v=9ae09eead5139c587af4:0
[36509580ms] [ERROR] WebSocket connection to 'wss://jupyter.cx3.rcs.ic.ac.uk/user/osella/api/events/subscribe' failed: Error during WebSocket handshake: Unexpected response code: 302 @ https://jupyter.cx3.rcs.ic.ac.uk/user/osella/static/lab/jlab_core.9ae09eead5139c587af4.js?v=9ae09eead5139c587af4:0
[36539719ms] [ERROR] WebSocket connection to 'wss://jupyter.cx3.rcs.ic.ac.uk/user/osella/api/events/subscribe' failed: Error during WebSocket handshake: Unexpected response code: 302 @ https://jupyter.cx3.rcs.ic.ac.uk/user/osella/static/lab/jlab_core.9ae09eead5139c587af4.js?v=9ae09eead5139c587af4:0
[36555702ms] [ERROR] WebSocket connection to 'wss://jupyter.cx3.rcs.ic.ac.uk/user/osella/api/events/subscribe' failed: Error during WebSocket handshake: Unexpected response code: 302 @ https://jupyter.cx3.rcs.ic.ac.uk/user/osella/static/lab/jlab_core.9ae09eead5139c587af4.js?v=9ae09eead5139c587af4:0
[36585789ms] [ERROR] WebSocket connection to 'wss://jupyter.cx3.rcs.ic.ac.uk/user/osella/api/events/subscribe' failed: Error during WebSocket handshake: Unexpected response code: 302 @ https://jupyter.cx3.rcs.ic.ac.uk/user/osella/static/lab/jlab_core.9ae09eead5139c587af4.js?v=9ae09eead5139c587af4:0
[36615846ms] [ERROR] WebSocket connection to 'wss://jupyter.cx3.rcs.ic.ac.uk/user/osella/api/events/subscribe' failed: Error during WebSocket handshake: Unexpected response code: 302 @ https://jupyter.cx3.rcs.ic.ac.uk/user/osella/static/lab/jlab_core.9ae09eead5139c587af4.js?v=9ae09eead5139c587af4:0
[36629716ms] [ERROR] WebSocket connection to 'wss://jupyter.cx3.rcs.ic.ac.uk/user/osella/api/events/subscribe' failed: Error during WebSocket handshake: Unexpected response code: 302 @ https://jupyter.cx3.rcs.ic.ac.uk/user/osella/static/lab/jlab_core.9ae09eead5139c587af4.js?v=9ae09eead5139c587af4:0
[36646272ms] [ERROR] WebSocket connection to 'wss://jupyter.cx3.rcs.ic.ac.uk/user/osella/api/events/subscribe' failed: Error during WebSocket handshake: Unexpected response code: 302 @ https://jupyter.cx3.rcs.ic.ac.uk/user/osella/static/lab/jlab_core.9ae09eead5139c587af4.js?v=9ae09eead5139c587af4:0
[36652707ms] [ERROR] WebSocket connection to 'wss://jupyter.cx3.rcs.ic.ac.uk/user/osella/api/events/subscribe' failed: Error during WebSocket handshake: Unexpected response code: 302 @ https://jupyter.cx3.rcs.ic.ac.uk/user/osella/static/lab/jlab_core.9ae09eead5139c587af4.js?v=9ae09eead5139c587af4:0
[36663674ms] [ERROR] WebSocket connection to 'wss://jupyter.cx3.rcs.ic.ac.uk/user/osella/api/events/subscribe' failed: Error during WebSocket handshake: Unexpected response code: 302 @ https://jupyter.cx3.rcs.ic.ac.uk/user/osella/static/lab/jlab_core.9ae09eead5139c587af4.js?v=9ae09eead5139c587af4:0
[36663925ms] [ERROR] Failed to load resource: the server responded with a status of 424 (Failed Dependency) @ https://jupyter.cx3.rcs.ic.ac.uk/hub/user/osella/lab/api/workspaces?1784968119557:0
[36688747ms] [ERROR] WebSocket connection to 'wss://jupyter.cx3.rcs.ic.ac.uk/user/osella/api/events/subscribe' failed: Error during WebSocket handshake: Unexpected response code: 302 @ https://jupyter.cx3.rcs.ic.ac.uk/user/osella/static/lab/jlab_core.9ae09eead5139c587af4.js?v=9ae09eead5139c587af4:0
[36718850ms] [ERROR] WebSocket connection to 'wss://jupyter.cx3.rcs.ic.ac.uk/user/osella/api/events/subscribe' failed: Error during WebSocket handshake: Unexpected response code: 302 @ https://jupyter.cx3.rcs.ic.ac.uk/user/osella/static/lab/jlab_core.9ae09eead5139c587af4.js?v=9ae09eead5139c587af4:0
[36748916ms] [ERROR] WebSocket connection to 'wss://jupyter.cx3.rcs.ic.ac.uk/user/osella/api/events/subscribe' failed: Error during WebSocket handshake: Unexpected response code: 302 @ https://jupyter.cx3.rcs.ic.ac.uk/user/osella/static/lab/jlab_core.9ae09eead5139c587af4.js?v=9ae09eead5139c587af4:0
[36779059ms] [ERROR] WebSocket connection to 'wss://jupyter.cx3.rcs.ic.ac.uk/user/osella/api/events/subscribe' failed: Error during WebSocket handshake: Unexpected response code: 302 @ https://jupyter.cx3.rcs.ic.ac.uk/user/osella/static/lab/jlab_core.9ae09eead5139c587af4.js?v=9ae09eead5139c587af4:0
[36809133ms] [ERROR] WebSocket connection to 'wss://jupyter.cx3.rcs.ic.ac.uk/user/osella/api/events/subscribe' failed: Error during WebSocket handshake: Unexpected response code: 302 @ https://jupyter.cx3.rcs.ic.ac.uk/user/osella/static/lab/jlab_core.9ae09eead5139c587af4.js?v=9ae09eead5139c587af4:0
[36839218ms] [ERROR] WebSocket connection to 'wss://jupyter.cx3.rcs.ic.ac.uk/user/osella/api/events/subscribe' failed: Error during WebSocket handshake: Unexpected response code: 302 @ https://jupyter.cx3.rcs.ic.ac.uk/user/osella/static/lab/jlab_core.9ae09eead5139c587af4.js?v=9ae09eead5139c587af4:0
[36869284ms] [ERROR] WebSocket connection to 'wss://jupyter.cx3.rcs.ic.ac.uk/user/osella/api/events/subscribe' failed: Error during WebSocket handshake: Unexpected response code: 302 @ https://jupyter.cx3.rcs.ic.ac.uk/user/osella/static/lab/jlab_core.9ae09eead5139c587af4.js?v=9ae09eead5139c587af4:0
[36899357ms] [ERROR] WebSocket connection to 'wss://jupyter.cx3.rcs.ic.ac.uk/user/osella/api/events/subscribe' failed: Error during WebSocket handshake: Unexpected response code: 302 @ https://jupyter.cx3.rcs.ic.ac.uk/user/osella/static/lab/jlab_core.9ae09eead5139c587af4.js?v=9ae09eead5139c587af4:0
[36927307ms] [ERROR] Failed to load resource: the server responded with a status of 424 (Failed Dependency) @ https://jupyter.cx3.rcs.ic.ac.uk/hub/user/osella/api/terminals?1784968383105:0
[36929425ms] [ERROR] WebSocket connection to 'wss://jupyter.cx3.rcs.ic.ac.uk/user/osella/api/events/subscribe' failed: Error during WebSocket handshake: Unexpected response code: 302 @ https://jupyter.cx3.rcs.ic.ac.uk/user/osella/static/lab/jlab_core.9ae09eead5139c587af4.js?v=9ae09eead5139c587af4:0
